song,type,authors,first_played,era,venue,location,times_played,show_url,song_url,debut_audio_url
In the Flesh,cover,Pink Floyd,1995-02-11,Sammy,Unknown Venue,"Philadelphia, PA",8,https://discobiscuits.net/shows/1995-02-11-unknown-venue-philadelphia-pa,https://discobiscuits.net/songs/in-the-flesh,
La Grange,cover,Z.Z. Top,1995-02-11,Sammy,Unknown Venue,"Philadelphia, PA",4,https://discobiscuits.net/shows/1995-02-11-unknown-venue-philadelphia-pa,https://discobiscuits.net/songs/la-grange,
Maze,cover,Phish,1995-02-11,Sammy,Unknown Venue,"Philadelphia, PA",4,https://discobiscuits.net/shows/1995-02-11-unknown-venue-philadelphia-pa,https://discobiscuits.net/songs/maze,
"My Friend, My Friend",cover,Phish,1995-02-11,Sammy,Unknown Venue,"Philadelphia, PA",1,https://discobiscuits.net/shows/1995-02-11-unknown-venue-philadelphia-pa,https://discobiscuits.net/songs/my-friend-my-friend,
Peaches En Regalia,cover,Frank Zappa,1995-02-11,Sammy,Unknown Venue,"Philadelphia, PA",20,https://discobiscuits.net/shows/1995-02-11-unknown-venue-philadelphia-pa,https://discobiscuits.net/songs/peaches-en-regalia,
Possum,cover,Jeff Holdsworth,1995-02-11,Sammy,Unknown Venue,"Philadelphia, PA",2,https://discobiscuits.net/shows/1995-02-11-unknown-venue-philadelphia-pa,https://discobiscuits.net/songs/possum,
Spanish Castle Magic,cover,Jimi Hendrix,1995-02-11,Sammy,Unknown Venue,"Philadelphia, PA",2,https://discobiscuits.net/shows/1995-02-11-unknown-venue-philadelphia-pa,https://discobiscuits.net/songs/spanish-castle-magic,
AC/DC Bag,cover,Phish,1995-04-01,Sammy,Unknown Venue,"Philadelphia, PA",2,https://discobiscuits.net/shows/1995-04-01-unknown-venue-philadelphia-pa,https://discobiscuits.net/songs/ac-dc-bag,
Down to the Bottom,original,Jon Gutwillig,1995-04-01,Sammy,Unknown Venue,"Philadelphia, PA",115,https://discobiscuits.net/shows/1995-04-01-unknown-venue-philadelphia-pa,https://discobiscuits.net/songs/down-to-the-bottom,
Mary Had a Little Lamb,cover,Buddy Guy,1995-04-01,Sammy,Unknown Venue,"Philadelphia, PA",39,https://discobiscuits.net/shows/1995-04-01-unknown-venue-philadelphia-pa,https://discobiscuits.net/songs/mary-had-a-little-lamb,
Mike's Song,cover,Phish,1995-04-01,Sammy,Unknown Venue,"Philadelphia, PA",3,https://discobiscuits.net/shows/1995-04-01-unknown-venue-philadelphia-pa,https://discobiscuits.net/songs/mike-s-song,
Nughuffer,original,Marc Brownstein,1995-04-01,Sammy,Unknown Venue,"Philadelphia, PA",195,https://discobiscuits.net/shows/1995-04-01-unknown-venue-philadelphia-pa,https://discobiscuits.net/songs/nughuffer,
Punch You in the Eye,cover,Trey Anastasio,1995-04-01,Sammy,Unknown Venue,"Philadelphia, PA",4,https://discobiscuits.net/shows/1995-04-01-unknown-venue-philadelphia-pa,https://discobiscuits.net/songs/punch-you-in-the-eye,
Run Like an Antelope,cover,Trey Anastasio,1995-04-01,Sammy,Unknown Venue,"Philadelphia, PA",4,https://discobiscuits.net/shows/1995-04-01-unknown-venue-philadelphia-pa,https://discobiscuits.net/songs/run-like-an-antelope,
Run Like Hell,cover,Pink Floyd,1995-04-01,Sammy,Unknown Venue,"Philadelphia, PA",279,https://discobiscuits.net/shows/1995-04-01-unknown-venue-philadelphia-pa,https://discobiscuits.net/songs/run-like-hell,
The Other One,cover,Grateful Dead,1995-04-01,Sammy,Unknown Venue,"Philadelphia, PA",4,https://discobiscuits.net/shows/1995-04-01-unknown-venue-philadelphia-pa,https://discobiscuits.net/songs/the-other-one,
unknown,original,,1995-04-01,Sammy,Unknown Venue,"Philadelphia, PA",6,https://discobiscuits.net/shows/1995-04-01-unknown-venue-philadelphia-pa,https://discobiscuits.net/songs/unknown,
Aquatic Ape,original,Marc Brownstein,1995-09-16,Sammy,"Zeta Psi, University of Pennsylvania","Philadelphia, PA",87,https://discobiscuits.net/shows/1995-09-16-zeta-psi-university-of-pennsylvania-philadelphia-pa,https://discobiscuits.net/songs/aquatic-ape,
Eduardo the Penguin,original,Marc Brownstein,1995-09-16,Sammy,"Zeta Psi, University of Pennsylvania","Philadelphia, PA",6,https://discobiscuits.net/shows/1995-09-16-zeta-psi-university-of-pennsylvania-philadelphia-pa,https://discobiscuits.net/songs/eduardo-the-penguin,
Gumbo,cover,Phish,1995-09-16,Sammy,"Zeta Psi, University of Pennsylvania","Philadelphia, PA",3,https://discobiscuits.net/shows/1995-09-16-zeta-psi-university-of-pennsylvania-philadelphia-pa,https://discobiscuits.net/songs/gumbo,
Help on the Way,cover,Grateful Dead,1995-09-16,Sammy,"Zeta Psi, University of Pennsylvania","Philadelphia, PA",7,https://discobiscuits.net/shows/1995-09-16-zeta-psi-university-of-pennsylvania-philadelphia-pa,https://discobiscuits.net/songs/help-on-the-way,
In Memory of Elizabeth Reed,cover,Allman Brothers Band,1995-09-16,Sammy,"Zeta Psi, University of Pennsylvania","Philadelphia, PA",6,https://discobiscuits.net/shows/1995-09-16-zeta-psi-university-of-pennsylvania-philadelphia-pa,https://discobiscuits.net/songs/in-memory-of-elizabeth-reed,
Pygmy Twylyte,cover,Frank Zappa,1995-09-16,Sammy,"Zeta Psi, University of Pennsylvania","Philadelphia, PA",209,https://discobiscuits.net/shows/1995-09-16-zeta-psi-university-of-pennsylvania-philadelphia-pa,https://discobiscuits.net/songs/pygmy-twylyte,
Slipknot!,cover,Grateful Dead,1995-09-16,Sammy,"Zeta Psi, University of Pennsylvania","Philadelphia, PA",8,https://discobiscuits.net/shows/1995-09-16-zeta-psi-university-of-pennsylvania-philadelphia-pa,https://discobiscuits.net/songs/slipknot,
You Enjoy Myself,cover,Phish,1995-09-16,Sammy,"Zeta Psi, University of Pennsylvania","Philadelphia, PA",6,https://discobiscuits.net/shows/1995-09-16-zeta-psi-university-of-pennsylvania-philadelphia-pa,https://discobiscuits.net/songs/you-enjoy-myself,
Onery Funk,original,Jon Gutwillig,1995-10-23,Sammy,Unknown Location,,2,https://discobiscuits.net/shows/1995-10-23-unknown-location,https://discobiscuits.net/songs/onery-funk,
Price of Sand,original,,1995-10-23,Sammy,Unknown Location,,1,https://discobiscuits.net/shows/1995-10-23-unknown-location,https://discobiscuits.net/songs/price-of-sand,
Aceetobee,original,Jon Gutwillig,1995-11-09,Sammy,Unknown Location,,297,https://discobiscuits.net/shows/1995-11-09-unknown-location,https://discobiscuits.net/songs/aceetobee,
Barfly,original,Jon Gutwillig,1995-11-09,Sammy,Unknown Location,,147,https://discobiscuits.net/shows/1995-11-09-unknown-location,https://discobiscuits.net/songs/barfly,
Basis for a Day,original,Jon Gutwillig,1995-11-09,Sammy,Unknown Location,,337,https://discobiscuits.net/shows/1995-11-09-unknown-location,https://discobiscuits.net/songs/basis-for-a-day,
Carry That Weight,cover,The Beatles,1995-11-09,Sammy,Unknown Location,,2,https://discobiscuits.net/shows/1995-11-09-unknown-location,https://discobiscuits.net/songs/carry-that-weight,
Dinah-Moe Humm,cover,Frank Zappa,1995-11-09,Sammy,Unknown Location,,6,https://discobiscuits.net/shows/1995-11-09-unknown-location,https://discobiscuits.net/songs/dinah-moe-humm,
Her Majesty,cover,The Beatles,1995-11-09,Sammy,Unknown Location,,2,https://discobiscuits.net/shows/1995-11-09-unknown-location,https://discobiscuits.net/songs/her-majesty,
I Know You Rider,cover,Grateful Dead,1995-11-09,Sammy,Unknown Location,,9,https://discobiscuits.net/shows/1995-11-09-unknown-location,https://discobiscuits.net/songs/i-know-you-rider,
Little Wing,cover,Jimi Hendrix,1995-11-09,Sammy,Unknown Location,,3,https://discobiscuits.net/shows/1995-11-09-unknown-location,https://discobiscuits.net/songs/little-wing,
Mean Mr. Mustard,cover,The Beatles,1995-11-09,Sammy,Unknown Location,,2,https://discobiscuits.net/shows/1995-11-09-unknown-location,https://discobiscuits.net/songs/mean-mr-mustard,
Morning Dew,cover,Bonnie Dobson,1995-11-09,Sammy,Unknown Location,,3,https://discobiscuits.net/shows/1995-11-09-unknown-location,https://discobiscuits.net/songs/morning-dew,
Pat and Dex,original,Ben Hayflick; Jon Gutwillig; Marc Brownstein,1995-11-09,Sammy,Unknown Location,,112,https://discobiscuits.net/shows/1995-11-09-unknown-location,https://discobiscuits.net/songs/pat-and-dex,
Polythene Pam,cover,The Beatles,1995-11-09,Sammy,Unknown Location,,2,https://discobiscuits.net/shows/1995-11-09-unknown-location,https://discobiscuits.net/songs/polythene-pam,
She Came in Through the Bathroom Window,cover,The Beatles,1995-11-09,Sammy,Unknown Location,,4,https://discobiscuits.net/shows/1995-11-09-unknown-location,https://discobiscuits.net/songs/she-came-in-through-the-bathroom-window,
The End,cover,The Beatles,1995-11-09,Sammy,Unknown Location,,3,https://discobiscuits.net/shows/1995-11-09-unknown-location,https://discobiscuits.net/songs/the-end,
Frog Legs,original,Jon Gutwillig,1995-12-01,Sammy,4000 Pine Street,"Philadelphia, PA",145,https://discobiscuits.net/shows/1995-12-01-4000-pine-street-philadelphia-pa-2,https://discobiscuits.net/songs/frog-legs,
Mr. Don,original,Jon Gutwillig,1995-12-01,Sammy,4000 Pine Street,"Philadelphia, PA",237,https://discobiscuits.net/shows/1995-12-01-4000-pine-street-philadelphia-pa-2,https://discobiscuits.net/songs/mr-don,
Soul Sacrifice,cover,Santana,1995-12-01,Sammy,4000 Pine Street,"Philadelphia, PA",28,https://discobiscuits.net/shows/1995-12-01-4000-pine-street-philadelphia-pa-2,https://discobiscuits.net/songs/soul-sacrifice,
The Woodser,original,The Disco Biscuits,1995-12-01,Sammy,4000 Pine Street,"Philadelphia, PA",3,https://discobiscuits.net/shows/1995-12-01-4000-pine-street-philadelphia-pa-2,https://discobiscuits.net/songs/the-woodser,
Golden Slumbers,cover,The Beatles,1995-12-02,Sammy,Blarney Stone,"Philadelphia, PA",1,https://discobiscuits.net/shows/1995-12-02-blarney-stone-philadelphia-pa,https://discobiscuits.net/songs/golden-slumbers,
Sun King,cover,The Beatles,1995-12-02,Sammy,Blarney Stone,"Philadelphia, PA",1,https://discobiscuits.net/shows/1995-12-02-blarney-stone-philadelphia-pa,https://discobiscuits.net/songs/sun-king,
You Never Give Me Your Money,cover,The Beatles,1995-12-02,Sammy,Blarney Stone,"Philadelphia, PA",1,https://discobiscuits.net/shows/1995-12-02-blarney-stone-philadelphia-pa,https://discobiscuits.net/songs/you-never-give-me-your-money,
Afro Blue,cover,Mongo Santamaria,1995-12-09,Sammy,Blarney Stone,"Philadelphia, PA",28,https://discobiscuits.net/shows/1995-12-09-blarney-stone-philadelphia-pa,https://discobiscuits.net/songs/afro-blue,
Disco Bisquick,original,The Disco Biscuits,1995-12-09,Sammy,Blarney Stone,"Philadelphia, PA",13,https://discobiscuits.net/shows/1995-12-09-blarney-stone-philadelphia-pa,https://discobiscuits.net/songs/disco-bisquick,
Radiator,original,Marc Brownstein,1995-12-10,Sammy,Unknown Venue,"Philadelphia, PA",90,https://discobiscuits.net/shows/1995-12-10-unknown-venue-philadelphia-pa,https://discobiscuits.net/songs/radiator,
Rainbow Song,original,Marc Brownstein,1995-12-11,Sammy,Blarney Stone,"Philadelphia, PA",83,https://discobiscuits.net/shows/1995-12-11-blarney-stone-philadelphia-pa,https://discobiscuits.net/songs/rainbow-song,
Radiator Jam,improvisation,The Disco Biscuits,1995-12-31,Sammy,Sam Adams' Brewhouse,"Philadelphia, PA",1,https://discobiscuits.net/shows/1995-12-31-sam-adams-brewhouse-philadelphia-pa,https://discobiscuits.net/songs/radiator-jam,
Texas Pussy,original,Sam Altman,1995-12-31,Sammy,Sam Adams' Brewhouse,"Philadelphia, PA",50,https://discobiscuits.net/shows/1995-12-31-sam-adams-brewhouse-philadelphia-pa,https://discobiscuits.net/songs/texas-pussy,
Endo,original,Jon Gutwillig,1996-02-08,Sammy,Sam Adams' Brewhouse,"Philadelphia, PA",5,https://discobiscuits.net/shows/1996-02-08-sam-adams-brewhouse-philadelphia-pa,https://discobiscuits.net/songs/endo,
Blue Monk,cover,Thelonious Monk,1996-02-13,Sammy,"Campus Grille, Temple University","Philadelphia, PA",27,https://discobiscuits.net/shows/1996-02-13-campus-grille-temple-university-philadelphia-pa,https://discobiscuits.net/songs/blue-monk,
Jam,improvisation,The Disco Biscuits,1996-02-13,Sammy,"Campus Grille, Temple University","Philadelphia, PA",132,https://discobiscuits.net/shows/1996-02-13-campus-grille-temple-university-philadelphia-pa,https://discobiscuits.net/songs/jam,
The Chicken,cover,Pee Wee Ellis,1996-02-13,Sammy,"Campus Grille, Temple University","Philadelphia, PA",11,https://discobiscuits.net/shows/1996-02-13-campus-grille-temple-university-philadelphia-pa,https://discobiscuits.net/songs/the-chicken,
Red Clay,cover,Freddie Hubbard,1996-03-02,Sammy,Sam Adams' Brewhouse,"Philadelphia, PA",2,https://discobiscuits.net/shows/1996-03-02-sam-adams-brewhouse-philadelphia-pa,https://discobiscuits.net/songs/red-clay,
South of the Border Pussy,original,Sam Altman,1996-03-02,Sammy,Sam Adams' Brewhouse,"Philadelphia, PA",35,https://discobiscuits.net/shows/1996-03-02-sam-adams-brewhouse-philadelphia-pa,https://discobiscuits.net/songs/south-of-the-border-pussy,
Stone,original,Jon Gutwillig; O'Brien,1996-03-02,Sammy,Sam Adams' Brewhouse,"Philadelphia, PA",159,https://discobiscuits.net/shows/1996-03-02-sam-adams-brewhouse-philadelphia-pa,https://discobiscuits.net/songs/stone,
Latin Pussy,original,Sam Altman,1996-03-30,Sammy,"Zeta Psi, University of Pennsylvania","Philadelphia, PA",7,https://discobiscuits.net/shows/1996-03-30-zeta-psi-university-of-pennsylvania-philadelphia-pa,https://discobiscuits.net/songs/latin-pussy,
Alumni Blues,cover,Phish,1996-05-18,Sammy,Blarney Stone,"Philadelphia, PA",2,https://discobiscuits.net/shows/1996-05-18-blarney-stone-philadelphia-pa,https://discobiscuits.net/songs/alumni-blues,
Harry Hood,cover,Phish,1996-05-18,Sammy,Blarney Stone,"Philadelphia, PA",2,https://discobiscuits.net/shows/1996-05-18-blarney-stone-philadelphia-pa,https://discobiscuits.net/songs/harry-hood,
Trooper McCue,original,Marc Brownstein,1996-05-18,Sammy,Blarney Stone,"Philadelphia, PA",94,https://discobiscuits.net/shows/1996-05-18-blarney-stone-philadelphia-pa,https://discobiscuits.net/songs/trooper-mccue,
Divided Sky,cover,Phish,1996-05-25,Sammy,Nate's Farm,"Canton, MA",1,https://discobiscuits.net/shows/1996-05-25-nate-s-farm-canton-ma,https://discobiscuits.net/songs/divided-sky,
My Michelle,cover,Guns N' Roses,1996-05-25,Sammy,Nate's Farm,"Canton, MA",1,https://discobiscuits.net/shows/1996-05-25-nate-s-farm-canton-ma,https://discobiscuits.net/songs/my-michelle,
Bernstein and Chasnoff,original,Marc Brownstein,1996-07-04,Sammy,Doc Watson's,"Philadelphia, PA",240,https://discobiscuits.net/shows/1996-07-04-doc-watson-s-philadelphia-pa,https://discobiscuits.net/songs/bernstein-and-chasnoff,
The Devil's Waltz,original,Aron Magner; Jon Gutwillig,1996-07-05,Sammy,Downtime,"New York, NY",132,https://discobiscuits.net/shows/1996-07-05-downtime-new-york-ny,https://discobiscuits.net/songs/the-devil-s-waltz,
Morph Dusseldorf,original,Marc Brownstein,1996-09-12,Sammy,"Fraternity House, Penn State","State College, PA",368,https://discobiscuits.net/shows/1996-09-12-fraternity-house-penn-state-state-college-pa,https://discobiscuits.net/songs/morph-dusseldorf,
Epistrophy,cover,Thelonious Monk,1996-12-06,Sammy,"Irvine Auditorium, University of Pennsylvania","Philadelphia, PA",2,https://discobiscuits.net/shows/1996-12-06-irvine-auditorium-university-of-pennsylvania-philadelphia-pa,https://discobiscuits.net/songs/epistrophy,
A Night in Tunisia,cover,Dizzy Gillespie,1996-12-14,Sammy,Lion's Den,"New York, NY",21,https://discobiscuits.net/shows/1996-12-14-lion-s-den-new-york-ny,https://discobiscuits.net/songs/a-night-in-tunisia,
Vassillios,original,Jon Gutwillig,1996-12-14,Sammy,Lion's Den,"New York, NY",248,https://discobiscuits.net/shows/1996-12-14-lion-s-den-new-york-ny,https://discobiscuits.net/songs/vassillios,
Dance of the Sugar Plum Fairies,cover,Pyotr Ilyich Tchaikovsky,1996-12-27,Sammy,New Music Cafe,"New York, NY",30,https://discobiscuits.net/shows/1996-12-27-new-music-cafe-new-york-ny,https://discobiscuits.net/songs/dance-of-the-sugar-plum-fairies,
My Lady Survives,original,Jon Gutwillig,1996-12-27,Sammy,New Music Cafe,"New York, NY",61,https://discobiscuits.net/shows/1996-12-27-new-music-cafe-new-york-ny,https://discobiscuits.net/songs/my-lady-survives,
Shem-Rah Boo,original,Marc Brownstein,1997-01-17,Sammy,Blarney Stone,"Philadelphia, PA",313,https://discobiscuits.net/shows/1997-01-17-blarney-stone-philadelphia-pa,https://discobiscuits.net/songs/shem-rah-boo,https://archive.org/download/db1997-01-17.mastered.flac/db1997-01-17d2_01_Shem_Rah_Boo.mp3
1/30/97 Jam,improvisation,The Disco Biscuits,1997-01-30,Sammy,Wetlands Preserve,"New York, NY",2,https://discobiscuits.net/shows/1997-01-30-wetlands-preserve-new-york-ny,https://discobiscuits.net/songs/1-30-97-jam,https://archive.org/download/db1997-01-30.shnf/db1997-01-30d1t12.mp3
Liquid Lazer,original,Hayflick,1997-02-13,Sammy,R.T.'s,"Oaklyn, NJ",13,https://discobiscuits.net/shows/1997-02-13-r-t-s-oaklyn-nj,https://discobiscuits.net/songs/liquid-lazer,https://archive.org/download/db1997-02-13.aud.flac16/db1997-02-13.t03.aud.flac16.mp3
Boogie Stop Shuffle,cover,Charles Mingus,1997-02-22,Sammy,Grog and Tankard,"Washington, DC",42,https://discobiscuits.net/shows/1997-02-22-grog-and-tankard-washington-dc,https://discobiscuits.net/songs/boogie-stop-shuffle,
Awol's Blues,original,Jon Gutwillig,1997-02-28,Sammy,"Phi Sigma Delta Sigma, Penn State","State College, PA",77,https://discobiscuits.net/shows/1997-02-28-phi-sigma-delta-sigma-penn-state-state-college-pa,https://discobiscuits.net/songs/awol-s-blues,https://archive.org/download/db1997-02-28.aud.flac16/db1997-02-28.t06.aud.flac16.mp3
Jamillia,original,Marc Brownstein,1997-02-28,Sammy,"Phi Sigma Delta Sigma, Penn State","State College, PA",133,https://discobiscuits.net/shows/1997-02-28-phi-sigma-delta-sigma-penn-state-state-college-pa,https://discobiscuits.net/songs/jamillia,
Whipping Post,cover,Allman Brothers Band,1997-03-29,Sammy,Cavanaugh's,"Philadelphia, PA",1,https://discobiscuits.net/shows/1997-03-29-cavanaugh-s-philadelphia-pa,https://discobiscuits.net/songs/whipping-post,
I-Man,original,Jon Gutwillig,1997-04-19,Sammy,"Spring Fling, Frat Party, University of Pennsylvania","Philadelphia, PA",379,https://discobiscuits.net/shows/1997-04-19-spring-fling-frat-party-university-of-pennsylvania-philadelphia-pa,https://discobiscuits.net/songs/i-man,
Biscuits/Fathead Jam,improvisation,Fathead; The Disco Biscuits,1997-07-04,Sammy,"Independence Day Festival, Manicore Field","Doylestown, PA",1,https://discobiscuits.net/shows/1997-07-04-independence-day-festival-manicore-field-doylestown-pa,https://discobiscuits.net/songs/biscuits-fathead-jam,
Fathead's Set,original,Fathead,1997-07-04,Sammy,"Independence Day Festival, Manicore Field","Doylestown, PA",1,https://discobiscuits.net/shows/1997-07-04-independence-day-festival-manicore-field-doylestown-pa,https://discobiscuits.net/songs/fathead-s-set,
Little Betty Boop,original,Jon Gutwillig,1997-07-05,Sammy,15 North,"Westchester, PA",233,https://discobiscuits.net/shows/1997-07-05-15-north-westchester-pa,https://discobiscuits.net/songs/little-betty-boop,
News from Nowhere,original,Marc Brownstein,1997-07-10,Sammy,Havana's,"New Hope, PA",33,https://discobiscuits.net/shows/1997-07-10-havana-s-new-hope-pa,https://discobiscuits.net/songs/news-from-nowhere,
"Straight, No Chaser",cover,Thelonious Monk,1997-07-15,Sammy,"Hard Rock Cafe, Taj Mahal","Atlantic City, NJ",19,https://discobiscuits.net/shows/1997-07-15-hard-rock-cafe-taj-mahal-atlantic-city-nj,https://discobiscuits.net/songs/straight-no-chaser,https://archive.org/download/db1997-07-15.akg460.flac16/db1997-07-15.t13.akg460.flac16.mp3
Set Break Jam,improvisation,The Disco Biscuits,1997-09-10,Sammy,"Campus Pub, SUNY Binghamton","Binghamton, NY",2,https://discobiscuits.net/shows/1997-09-10-campus-pub-suny-binghamton-binghamton-ny,https://discobiscuits.net/songs/set-break-jam,
Rock and Roll Part One,cover,Gary Glitter,1997-09-12,Sammy,"Phi Kappa Alpha, Penn State","State College, PA",1,https://discobiscuits.net/shows/1997-09-12-phi-kappa-alpha-penn-state-state-college-pa,https://discobiscuits.net/songs/rock-and-roll-part-one,
Soundcheck Jam,improvisation,The Disco Biscuits,1997-09-27,Sammy,Wetlands Preserve,"New York, NY",4,https://discobiscuits.net/shows/1997-09-27-wetlands-preserve-new-york-ny,https://discobiscuits.net/songs/soundcheck-jam,https://archive.org/download/db1997-09-27.shnf/db1997-09-27d1.shnf/db1997-09-27d1t01.mp3
Like a Hurricane,cover,Neil Young,1997-11-20,Sammy,Blue Terrapin,"Elizabethtown, PA",1,https://discobiscuits.net/shows/1997-11-20-blue-terrapin-elizabethtown-pa,https://discobiscuits.net/songs/like-a-hurricane,https://archive.org/download/db1997-11-20.aud.flac16/07%20Like%20A%20Hurricane.mp3
M.E.M.P.H.I.S.,original,Marc Brownstein,1997-11-20,Sammy,Blue Terrapin,"Elizabethtown, PA",320,https://discobiscuits.net/shows/1997-11-20-blue-terrapin-elizabethtown-pa,https://discobiscuits.net/songs/m-e-m-p-h-i-s,
What a Show,original,Jon Gutwillig,1997-11-30,Sammy,Tammany Hall,"Worcester, MA",6,https://discobiscuits.net/shows/1997-11-30-tammany-hall-worcester-ma,https://discobiscuits.net/songs/what-a-show,
Roadhouse Blues,cover,The Doors,1997-12-08,Sammy,Cafe 210 West,"State College, PA",1,https://discobiscuits.net/shows/1997-12-08-cafe-210-west-state-college-pa,https://discobiscuits.net/songs/roadhouse-blues,https://archive.org/download/db1997-12-08.sbd.flac.24/db1997-12-08.t13.sbd.flac24.mp3
Drumz,improvisation,,1998-01-28,Sammy,8 x 10 Club,"Baltimore, MD",7,https://discobiscuits.net/shows/1998-01-28-8-x-10-club-baltimore-md,https://discobiscuits.net/songs/drumz,
Mindless Dribble,original,Jon Gutwillig,1998-02-19,Sammy,Wetlands Preserve,"New York, NY",307,https://discobiscuits.net/shows/1998-02-19-wetlands-preserve-new-york-ny,https://discobiscuits.net/songs/mindless-dribble,https://archive.org/download/db1998-02-19.shnf/db1998-02-19d1t07.mp3
Road Song,original,Jon Gutwillig,1998-02-21,Sammy,East End Cafe,"Newark, DE",5,https://discobiscuits.net/shows/1998-02-21-east-end-cafe-newark-de,https://discobiscuits.net/songs/road-song,https://archive.org/download/db1998-02-21.akgck61.flac16/06%20Road%20Song.mp3
Wet,original,Marc Brownstein,1998-02-21,Sammy,East End Cafe,"Newark, DE",134,https://discobiscuits.net/shows/1998-02-21-east-end-cafe-newark-de,https://discobiscuits.net/songs/wet,https://archive.org/download/db1998-02-21.akgck61.flac16/01%20Wet.mp3
Little Shimmy in a Conga Line,original,Jon Gutwillig,1998-02-26,Sammy,Blue Terrapin,"Elizabethtown, PA",298,https://discobiscuits.net/shows/1998-02-26-blue-terrapin-elizabethtown-pa,https://discobiscuits.net/songs/little-shimmy-in-a-conga-line,https://archive.org/download/db1998-02-26.shnf/db1998-02-26d2.shnf/db1998-02-26d2t02.mp3
Law and Order Theme,cover,Mike Post,1998-03-17,Sammy,Blue Terrapin,"Elizabethtown, PA",3,https://discobiscuits.net/shows/1998-03-17-blue-terrapin-elizabethtown-pa,https://discobiscuits.net/songs/law-and-order-theme,
Can't You See,cover,Marshall Tucker Band,1998-04-02,Sammy,Crossroads,"New York, NY",1,https://discobiscuits.net/shows/1998-04-02-crossroads-new-york-ny,https://discobiscuits.net/songs/can-t-you-see,https://archive.org/download/db1998-04-02akg461.flac16/db1998-04-02akg461d3t11.mp3
Dear Mr. Fantasy,cover,Traffic,1998-04-02,Sammy,Crossroads,"New York, NY",1,https://discobiscuits.net/shows/1998-04-02-crossroads-new-york-ny,https://discobiscuits.net/songs/dear-mr-fantasy,https://archive.org/download/db1998-04-02akg461.flac16/db1998-04-02akg461d3t10.mp3
Magellan,original,Jon Gutwillig,1998-04-22,Sammy,The Living Room,"Providence, RI",224,https://discobiscuits.net/shows/1998-04-22-the-living-room-providence-ri,https://discobiscuits.net/songs/magellan,
Leora,original,Jon Gutwillig,1998-05-01,Sammy,University of Hartford,"West Hartford, CT",1,https://discobiscuits.net/shows/1998-05-01-university-of-hartford-west-hartford-ct,https://discobiscuits.net/songs/leora,
1999,cover,Prince,1998-05-07,Sammy,Chameleon Club,"Lancaster, PA",19,https://discobiscuits.net/shows/1998-05-07-chameleon-club-lancaster-pa,https://discobiscuits.net/songs/1999,https://archive.org/download/db1998-05-07.shnf/db1998-05-07d2.shnf/db1998-05-07d2t03.mp3
Norwegian Wood,cover,The Beatles,1998-05-07,Sammy,Chameleon Club,"Lancaster, PA",21,https://discobiscuits.net/shows/1998-05-07-chameleon-club-lancaster-pa,https://discobiscuits.net/songs/norwegian-wood,https://archive.org/download/db1998-05-07.shnf/db1998-05-07d1.shnf/db1998-05-07d1t09.mp3
Mulberry's Dream,original,Jon Gutwillig,1998-07-02,Sammy,Da Funky Phish,"Bay Shore, NY",185,https://discobiscuits.net/shows/1998-07-02-da-funky-phish-bay-shore-ny,https://discobiscuits.net/songs/mulberry-s-dream,https://archive.org/download/db1998-07-02.shnf/db1998-07-02d2.shnf/db1998-07-02d2t06.mp3
All Blues,cover,Miles Davis,1998-07-23,Sammy,Good Times,"Eugene, OR",9,https://discobiscuits.net/shows/1998-07-23-good-times-eugene-or,https://discobiscuits.net/songs/all-blues,https://archive.org/download/db1998-07-23.ck61.flac16/09%20All%20Blues.mp3
Don't Stop till You Get Enough,cover,Michael Jackson,1998-08-01,Sammy,Legends Lounge,"Las Vegas, NV",3,https://discobiscuits.net/shows/1998-08-01-legends-lounge-las-vegas-nv,https://discobiscuits.net/songs/don-t-stop-till-you-get-enough,https://archive.org/download/db1998-08-01.sbd.flac16/db1998-08-01sbdd1t07.mp3
Helicopters,original,Jon Gutwillig,1998-08-28,Sammy,Wetlands Preserve,"New York, NY",359,https://discobiscuits.net/shows/1998-08-28-wetlands-preserve-new-york-ny,https://discobiscuits.net/songs/helicopters,https://archive.org/download/db1998-08-28.shnf/db1998-08-28d2.shnf/db1998-08-28d2t02.mp3
Ida Fith,original,Jon Gutwillig,1998-08-28,Sammy,Wetlands Preserve,"New York, NY",2,https://discobiscuits.net/shows/1998-08-28-wetlands-preserve-new-york-ny,https://discobiscuits.net/songs/ida-fith,https://archive.org/download/db1998-08-28.shnf/db1998-08-28d1.shnf/db1998-08-28d1t08.mp3
Once the Fiddler Paid,original,Jon Gutwillig,1998-08-28,Sammy,Wetlands Preserve,"New York, NY",129,https://discobiscuits.net/shows/1998-08-28-wetlands-preserve-new-york-ny,https://discobiscuits.net/songs/once-the-fiddler-paid,https://archive.org/download/db1998-08-28.shnf/db1998-08-28d1.shnf/db1998-08-28d1t03.mp3
The Overture,original,Jon Gutwillig,1998-09-09,Sammy,Crowbar,"State College, PA",164,https://discobiscuits.net/shows/1998-09-09-crowbar-state-college-pa,https://discobiscuits.net/songs/the-overture,https://archive.org/download/db1998-09-09.shnf/db1998-09-09d2.shnf/db1998-09-09d2t07.mp3
Misty Mountain Hop,cover,Led Zeppelin,1998-09-25,Sammy,Blue Terrapin,"Elizabethtown, PA",1,https://discobiscuits.net/shows/1998-09-25-blue-terrapin-elizabethtown-pa,https://discobiscuits.net/songs/misty-mountain-hop,https://archive.org/download/db1998-09-25.shnf/db1998-09-25d1.shnf/db1998-09-25d1t01.mp3
Plan B,original,Marc Brownstein,1998-10-16,Sammy,8 x 10 Club,"Baltimore, MD",144,https://discobiscuits.net/shows/1998-10-16-8-x-10-club-baltimore-md,https://discobiscuits.net/songs/plan-b,https://archive.org/download/db1998-10-16.flac16/db1998-10-16d2t08.mp3
Smoothie King,original,Aron Magner,1998-10-16,Sammy,8 x 10 Club,"Baltimore, MD",33,https://discobiscuits.net/shows/1998-10-16-8-x-10-club-baltimore-md,https://discobiscuits.net/songs/smoothie-king,https://archive.org/download/db1998-10-16.flac16/db1998-10-16d2t04.mp3
Voices Insane,original,Jon Gutwillig,1998-10-21,Sammy,The Haunt,"Ithaca, NY",217,https://discobiscuits.net/shows/1998-10-21-the-haunt-ithaca-ny,https://discobiscuits.net/songs/voices-insane,https://archive.org/download/db1998-10-21.akgc1000.flac16/12%20Voices%20Insane.mp3
Vocal Jam,improvisation,The Disco Biscuits,1998-10-23,Sammy,Wetlands Preserve,"New York, NY",1,https://discobiscuits.net/shows/1998-10-23-wetlands-preserve-new-york-ny,https://discobiscuits.net/songs/vocal-jam,https://archive.org/download/db1998-10-23.shnf/db1998-10-23d3.shnf/db1998-10-23d3t10.mp3
Poncho the Cat,original,Jon Gutwillig,1998-10-28,Sammy,Higher Ground,"South Burlington, VT",1,https://discobiscuits.net/shows/1998-10-28-higher-ground-s-burlington-vt,https://discobiscuits.net/songs/poncho-the-cat,https://archive.org/download/db1998-10-28.shnf/db98-10-28d2t4.mp3
Bazaar Escape,original,Jon Gutwillig,1998-11-14,Sammy,"Delta Upsilon, Carnegie Mellon University","Pittsburgh, PA",115,https://discobiscuits.net/shows/1998-11-14-delta-upsilon-carnegie-mellon-university-pittsburgh-pa,https://discobiscuits.net/songs/bazaar-escape,https://archive.org/download/db1998-11-14.shnf/db1998-11-14d2.shnf/db1998-11-14d2t05.mp3
Three Wishes,original,Marc Brownstein,1998-12-03,Sammy,Chameleon Club,"Lancaster, PA",52,https://discobiscuits.net/shows/1998-12-03-chameleon-club-lancaster-pa,https://discobiscuits.net/songs/three-wishes,https://archive.org/download/db1998-12-03.flac16/db1998-12-03d2t03.mp3
The Very Moon,original,Jon Gutwillig,1998-12-09,Sammy,"The Roost, Dennison University","Granville, OH",201,https://discobiscuits.net/shows/1998-12-09-the-roost-dennison-university-granville-oh,https://discobiscuits.net/songs/the-very-moon,https://archive.org/download/db1998-12-09.shnf/db1998-12-09d2.shnf/db1998-12-09d2t04.mp3
Above the Waves,original,Jon Gutwillig,1998-12-29,Sammy,Wetlands Preserve,"New York, NY",296,https://discobiscuits.net/shows/1998-12-29-wetlands-preserve-new-york-ny,https://discobiscuits.net/songs/above-the-waves,https://archive.org/download/db1998-12-29.shnf/db1998-12-29d2.shnf/db1998-12-29d2t03.mp3
Eulogy,original,Jon Gutwillig,1998-12-30,Sammy,Wetlands Preserve,"New York, NY",50,https://discobiscuits.net/shows/1998-12-30-wetlands-preserve-new-york-ny,https://discobiscuits.net/songs/eulogy,https://archive.org/download/db1998-12-30.shnf/db1998-12-30d4/db1998-12-30d4t01.mp3
Hot Air Balloon,original,Jon Gutwillig,1998-12-31,Sammy,Silk City Diner,"Philadelphia, PA",179,https://discobiscuits.net/shows/1998-12-31-silk-city-diner-philadelphia-pa,https://discobiscuits.net/songs/hot-air-balloon,https://archive.org/download/db1998-12-31akgc3000.flac16/db1998-12-31d2t05.mp3
Worcester Jam,improvisation,The Disco Biscuits,1999-01-22,Sammy,Tammany Hall,"Worcester, MA",2,https://discobiscuits.net/shows/1999-01-22-tammany-hall-worcester-ma,https://discobiscuits.net/songs/worcester-jam,https://archive.org/download/db1999-01-22.shnf/db1999-01-22d1/db1999-01-22d1t05.mp3
Magellan Reprise,original,Jon Gutwillig,1999-02-25,Sammy,Brookdale Lodge,"Brookdale, CA",22,https://discobiscuits.net/shows/1999-02-25-brookdale-lodge-brookdale-ca,https://discobiscuits.net/songs/magellan-reprise,https://archive.org/download/db1999-02-25RM.shnf/db1999-02-25d3RM/db1999-02-25d3t05.mp3
Bad Love,cover,Eric Clapton,1999-03-06,Sammy,Good Times,"Eugene, OR",1,https://discobiscuits.net/shows/1999-03-06-good-times-eugene-or,https://discobiscuits.net/songs/bad-love,
The Thieving Magpie,cover,Gioachino Rossini,1999-04-09,Sammy,Trocadero,"Philadelphia, PA",33,https://discobiscuits.net/shows/1999-04-09-trocadero-philadelphia-pa,https://discobiscuits.net/songs/the-thieving-magpie,https://archive.org/download/db1999-04-09.shnf/db1999-04-09d2/db1999-04-09d2t02.mp3
12345 678910 11 12,cover,Sesame Street,1999-04-10,Sammy,Recher Theatre,"Towson, MD",2,https://discobiscuits.net/shows/1999-04-10-recher-theatre-towson-md,https://discobiscuits.net/songs/12345-678910-11-12,
Little Lai,original,Marc Brownstein,1999-04-21,Sammy,Stone Coast Brewing Company,"Portland, ME",177,https://discobiscuits.net/shows/1999-04-21-stone-coast-brewing-company-portland-me,https://discobiscuits.net/songs/little-lai,https://archive.org/download/db1999-04-21.shnf/db1999-04-21d3/db1999-04-21d3t03.mp3
Young Lust Jam,improvisation,Pink Floyd,1999-04-23,Sammy,Commercial Street Cafe,"Worcester, MA",1,https://discobiscuits.net/shows/1999-04-23-commercial-street-cafe-worcester-ma,https://discobiscuits.net/songs/young-lust-jam,https://archive.org/download/db1999-04-23.shnf/db1999-04-23d2/db1999-04-23d2t01.mp3
Spaga,original,Aron Magner,1999-05-27,Sammy,Little Brother's,"Columbus, OH",170,https://discobiscuits.net/shows/1999-05-27-little-brother-s-columbus-oh,https://discobiscuits.net/songs/spaga,https://archive.org/download/db1999-05-27.shnf/db1999-05-27d2/db1999-05-27d2t04.mp3
Beat It,cover,Michael Jackson,1999-07-03,Sammy,"Wedding of Charlz and Heidi Franz, Moose Lodge","Claremont, NH",1,https://discobiscuits.net/shows/1999-07-03-wedding-of-charlz-and-heidi-franz-moose-lodge-claremont-nh,https://discobiscuits.net/songs/beat-it,
Haleakala Crater,original,Jon Gutwillig,1999-08-11,Sammy,Wetlands Preserve,"New York, NY",30,https://discobiscuits.net/shows/1999-08-11-wetlands-preserve-new-york-ny,https://discobiscuits.net/songs/haleakala-crater,
House Dog Party Favor,original,Jon Gutwillig,1999-08-11,Sammy,Wetlands Preserve,"New York, NY",206,https://discobiscuits.net/shows/1999-08-11-wetlands-preserve-new-york-ny,https://discobiscuits.net/songs/house-dog-party-favor,https://archive.org/download/db1999-08-11.shnf/db1999-08-11d2t4.mp3
Pilin' It High,original,Jon Gutwillig,1999-08-11,Sammy,Wetlands Preserve,"New York, NY",119,https://discobiscuits.net/shows/1999-08-11-wetlands-preserve-new-york-ny,https://discobiscuits.net/songs/pilin-it-high,https://archive.org/download/db1999-08-11.shnf/db1999-08-11d2t1.mp3
Chemical Warfare Brigade,original,Marc Brownstein,1999-08-21,Sammy,"Camp Bisco, TuneTown Campgrounds","Cherrytree, PA",66,https://discobiscuits.net/shows/1999-08-21-camp-bisco-tunetown-campgrounds-cherrytree-pa,https://discobiscuits.net/songs/chemical-warfare-brigade,https://archive.org/download/db1999-08-21.shnf/db1999-08-21d2/db1999-08-21d2t06.mp3
Svenghali,original,Jon Gutwillig,1999-09-08,Sammy,Higher Ground,"South Burlington, VT",213,https://discobiscuits.net/shows/1999-09-08-higher-ground-s-burlington-vt,https://discobiscuits.net/songs/svenghali,https://archive.org/download/db1999-09-08.akg481.eac.flac16/db1999-09-08d2t01.mp3
Jigsaw Earth,original,Jon Gutwillig,1999-10-07,Sammy,Great American Music Hall,"San Francisco, CA",168,https://discobiscuits.net/shows/1999-10-07-great-american-music-hall-san-francisco-ca,https://discobiscuits.net/songs/jigsaw-earth,https://archive.org/download/db1999-10-07.shnf/db1999-10-07d3/db1999-10-07d3t04.mp3
Akira Jam,improvisation,The Disco Biscuits,1999-12-31,Sammy,Theater of the Living Arts,"Philadelphia, PA",1,https://discobiscuits.net/shows/1999-12-31-theater-of-the-living-arts-philadelphia-pa,https://discobiscuits.net/songs/akira-jam,https://archive.org/download/db1999-12-31.CMC621.v2.dap1.d8.flac1644/db1999-12-31s3t01.mp3
Hail to the Chief,cover,James Sanderson,1999-12-31,Sammy,Theater of the Living Arts,"Philadelphia, PA",1,https://discobiscuits.net/shows/1999-12-31-theater-of-the-living-arts-philadelphia-pa,https://discobiscuits.net/songs/hail-to-the-chief,https://archive.org/download/db1999-12-31.CMC621.v2.dap1.d8.flac1644/db1999-12-31s2t07.mp3
Pomp and Circumstance,cover,Edward Elgar,1999-12-31,Sammy,Theater of the Living Arts,"Philadelphia, PA",1,https://discobiscuits.net/shows/1999-12-31-theater-of-the-living-arts-philadelphia-pa,https://discobiscuits.net/songs/pomp-and-circumstance,https://archive.org/download/db1999-12-31.CMC621.v2.dap1.d8.flac1644/db1999-12-31s2t05.mp3
The Wedding March,cover,Felix Mendelssohn,1999-12-31,Sammy,Theater of the Living Arts,"Philadelphia, PA",1,https://discobiscuits.net/shows/1999-12-31-theater-of-the-living-arts-philadelphia-pa,https://discobiscuits.net/songs/the-wedding-march,https://archive.org/download/db1999-12-31.CMC621.v2.dap1.d8.flac1644/db1999-12-31s2t06.mp3
7-11,original,Jon Gutwillig,2000-03-11,Sammy,Wetlands Preserve,"New York, NY",155,https://discobiscuits.net/shows/2000-03-11-wetlands-preserve-new-york-ny,https://discobiscuits.net/songs/7-11,https://archive.org/download/db2000-03-11.flac16/db2000-03-11d4t02.mp3
Eine Kleine Nachtmusik,cover,Mozart,2000-03-11,Sammy,Wetlands Preserve,"New York, NY",4,https://discobiscuits.net/shows/2000-03-11-wetlands-preserve-new-york-ny,https://discobiscuits.net/songs/eine-kleine-nachtmusik,https://archive.org/download/db2000-03-11.flac16/db2000-03-11d1t09.mp3
Floes,original,Sam Altman,2000-03-11,Sammy,Wetlands Preserve,"New York, NY",101,https://discobiscuits.net/shows/2000-03-11-wetlands-preserve-new-york-ny,https://discobiscuits.net/songs/floes,https://archive.org/download/db2000-03-11.flac16/db2000-03-11d1t03.mp3
Little Boy on the Moon,original,Aron Magner,2000-03-11,Sammy,Wetlands Preserve,"New York, NY",2,https://discobiscuits.net/shows/2000-03-11-wetlands-preserve-new-york-ny,https://discobiscuits.net/songs/little-boy-on-the-moon,https://archive.org/download/db2000-03-11.flac16/db2000-03-11d3t03.mp3
Story of the World,original,Jon Gutwillig,2000-03-11,Sammy,Wetlands Preserve,"New York, NY",206,https://discobiscuits.net/shows/2000-03-11-wetlands-preserve-new-york-ny,https://discobiscuits.net/songs/story-of-the-world,https://archive.org/download/db2000-03-11.flac16/db2000-03-11d2t03.mp3
Crickets,original,Mauricio Zuniga; The Disco Biscuits,2000-04-15,Sammy,Recher Theatre,"Towson, MD",259,https://discobiscuits.net/shows/2000-04-15-recher-theatre-towson-md,https://discobiscuits.net/songs/crickets,https://archive.org/download/db2000-04-15.flac16/db2000-04-15.d2t03.mp3
Crystal Ball,original,Jon Gutwillig,2000-04-15,Sammy,Recher Theatre,"Towson, MD",92,https://discobiscuits.net/shows/2000-04-15-recher-theatre-towson-md,https://discobiscuits.net/songs/crystal-ball,https://archive.org/download/db2000-04-15.flac16/db2000-04-15.d3t04.mp3
Soul Is Shaking,original,Jon Gutwillig,2000-04-15,Sammy,Recher Theatre,"Towson, MD",5,https://discobiscuits.net/shows/2000-04-15-recher-theatre-towson-md,https://discobiscuits.net/songs/soul-is-shaking,https://archive.org/download/db2000-04-15.flac16/db2000-04-15.d1t06.mp3
The Unspoken Rhyme,original,Aron Magner; Jon Lesser,2000-04-15,Sammy,Recher Theatre,"Towson, MD",16,https://discobiscuits.net/shows/2000-04-15-recher-theatre-towson-md,https://discobiscuits.net/songs/the-unspoken-rhyme,https://archive.org/download/db2000-04-15.flac16/db2000-04-15.d1t08.mp3
Widow in the Rain,original,Jon Gutwillig,2000-04-21,Sammy,Middle East,"Cambridge, MA",23,https://discobiscuits.net/shows/2000-04-21-middle-east-cambridge-ma,https://discobiscuits.net/songs/widow-in-the-rain,https://archive.org/download/db2000-04-21.flac16/db2000-04-21d1t03.mp3
Munchkin Invasion,original,Jon Gutwillig,2000-04-29,Sammy,Trocadero,"Philadelphia, PA",244,https://discobiscuits.net/shows/2000-04-29-trocadero-philadelphia-pa,https://discobiscuits.net/songs/munchkin-invasion,https://archive.org/download/db2000-04-29.AKG480.flac16/db2000-04-29d2t07.mp3
Have a Cigar,cover,Pink Floyd,2000-06-22,Sammy,Irving Plaza,"New York, NY",18,https://discobiscuits.net/shows/2000-06-22-irving-plaza-new-york-ny,https://discobiscuits.net/songs/have-a-cigar,https://archive.org/download/db2000-06-22.akg391.1644/db2000-06-22t02.mp3
Riddles Are Abound Tonight,cover,Sausage; Les Claypool; Jay Lane; Todd Huth,2000-06-22,Sammy,Irving Plaza,"New York, NY",3,https://discobiscuits.net/shows/2000-06-22-irving-plaza-new-york-ny,https://discobiscuits.net/songs/riddles-are-abound-tonight,https://archive.org/download/db2000-06-22.akg391.1644/db2000-06-22t01.mp3
Schubert's Opus 90,cover,Franz Schubert,2000-06-22,Sammy,Irving Plaza,"New York, NY",1,https://discobiscuits.net/shows/2000-06-22-irving-plaza-new-york-ny,https://discobiscuits.net/songs/schubert-s-opus-90,
Tomorrow Never Knows,cover,The Beatles,2000-06-22,Sammy,Irving Plaza,"New York, NY",3,https://discobiscuits.net/shows/2000-06-22-irving-plaza-new-york-ny,https://discobiscuits.net/songs/tomorrow-never-knows,https://archive.org/download/db2000-06-22.akg391.1644/db2000-06-22t03.mp3
Loch Ness Monster,original,Jon Gutwillig,2000-06-27,Sammy,The Roxy,"New York, NY",2,https://discobiscuits.net/shows/2000-06-27-the-roxy-new-york-ny,https://discobiscuits.net/songs/loch-ness-monster,https://archive.org/download/db2000-06-27.flac16/db2000-06-27d4t04.mp3
Hope,original,Jon Gutwillig,2000-08-25,Sammy,Saw Mill Ski Area,"Morris, PA",144,https://discobiscuits.net/shows/2000-08-25-saw-mill-ski-area-morris-pa,https://discobiscuits.net/songs/hope,https://archive.org/download/db2000-08-25RM.flac/db2000-08-25RMd3/db2000-08-25RMd3t08.mp3
Shelby Rose,original,Marc Brownstein,2000-08-25,Sammy,Saw Mill Ski Area,"Morris, PA",182,https://discobiscuits.net/shows/2000-08-25-saw-mill-ski-area-morris-pa,https://discobiscuits.net/songs/shelby-rose,https://archive.org/download/db2000-08-25RM.flac/db2000-08-25RMd2/db2000-08-25RMd2t03.mp3
Confrontation,original,Marc Brownstein,2000-08-26,Sammy,Saw Mill Ski Area,"Morris, PA",251,https://discobiscuits.net/shows/2000-08-26-saw-mill-ski-area-morris-pa,https://discobiscuits.net/songs/confrontation,https://archive.org/download/db2000-08-26RM.flac/db2000-08-26RMd3/db2000-08-26RMd3t03.mp3
Home Again,original,Marc Brownstein,2000-08-26,Sammy,Saw Mill Ski Area,"Morris, PA",165,https://discobiscuits.net/shows/2000-08-26-saw-mill-ski-area-morris-pa,https://discobiscuits.net/songs/home-again,https://archive.org/download/db2000-08-26RM.flac/db2000-08-26RMd1/db2000-08-26RMd1t04.mp3
Humuhumunukunukuapua'a,original,Jon Gutwillig; Marc Brownstein,2000-08-26,Sammy,Saw Mill Ski Area,"Morris, PA",97,https://discobiscuits.net/shows/2000-08-26-saw-mill-ski-area-morris-pa,https://discobiscuits.net/songs/humuhumunukunukuapua-a,https://archive.org/download/db2000-08-26RM.flac/db2000-08-26RMd4/db2000-08-26RMd4t02.mp3
Grass Is Green,original,Marc Brownstein,2000-10-06,Sammy,The Sanctuary,"Las Vegas, NV",78,https://discobiscuits.net/shows/2000-10-06-the-sanctuary-las-vegas-nv,https://discobiscuits.net/songs/grass-is-green,
The Big Happy,original,Aron Magner; Jon Gutwillig,2000-10-06,Sammy,The Sanctuary,"Las Vegas, NV",18,https://discobiscuits.net/shows/2000-10-06-the-sanctuary-las-vegas-nv,https://discobiscuits.net/songs/the-big-happy,
Kamaole Sands,original,Marc Brownstein,2000-10-07,Sammy,The Sanctuary,"Las Vegas, NV",75,https://discobiscuits.net/shows/2000-10-07-the-sanctuary-las-vegas-nv,https://discobiscuits.net/songs/kamaole-sands,https://archive.org/download/db2000-10-07.mk21.flac16/db2000-10-07mk21.d1t03.mp3
Floodlights,original,Marc Brownstein,2000-10-11,Sammy,The Roxy,"Hollywood, CA",108,https://discobiscuits.net/shows/2000-10-11-the-roxy-hollywood-ca,https://discobiscuits.net/songs/floodlights,https://archive.org/download/db2000-10-11archive.flac16/db2000-10-11d1/db2000-10-11d1t05.mp3
Cherub Rock,cover,Smashing Pumpkins,2000-10-31,Sammy,Trax,"Charlottesville, VA",3,https://discobiscuits.net/shows/2000-10-31-trax-charlottesville-va,https://discobiscuits.net/songs/cherub-rock,https://archive.org/download/db2000-10-31.shnf/db2000-10-31d3t5.mp3
Tricycle,original,The Disco Biscuits,2000-11-18,Sammy,Odyssey,"Ithaca, NY",98,https://discobiscuits.net/shows/2000-11-18-odyssey-ithaca-ny,https://discobiscuits.net/songs/tricycle,https://archive.org/download/db2000-11-18.shnf/db2000-11-18d1t01.mp3
"Beethoven's Ninth Symphony, Second Movement",cover,Beethoven,2000-12-28,Sammy,The Silo,"Reading, PA",1,https://discobiscuits.net/shows/2000-12-28-the-silo-reading-pa,https://discobiscuits.net/songs/beethoven-s-ninth-symphony-second-movement,https://archive.org/download/db2000-12-28mk4.flac/db2000-12-28mk4d1t05.mp3
Home,original,Marc Brownstein,2000-12-28,Sammy,The Silo,"Reading, PA",1,https://discobiscuits.net/shows/2000-12-28-the-silo-reading-pa,https://discobiscuits.net/songs/home-2,https://archive.org/download/db2000-12-28mk4.flac/db2000-12-28mk4d3t02.mp3
Triumph,original,Marc Brownstein,2000-12-28,Sammy,The Silo,"Reading, PA",114,https://discobiscuits.net/shows/2000-12-28-the-silo-reading-pa,https://discobiscuits.net/songs/triumph,https://archive.org/download/db2000-12-28mk4.flac/db2000-12-28mk4d3t01.mp3
And the Ladies Were the Rest of the Night,original,Marc Brownstein,2000-12-30,Sammy,The Vanderbilt,"Plainview, NY",233,https://discobiscuits.net/shows/2000-12-30-the-vanderbilt-plainview-ny,https://discobiscuits.net/songs/and-the-ladies-were-the-rest-of-the-night,https://archive.org/download/db2000-12-30.flacakg480sck63/db2000-12-30d2/db2000-12-30d2t04.mp3
Spacebirdmatingcall,original,The Disco Biscuits,2001-03-17,Sammy,"Waterloo Park, South by Southwest","Austin, TX",237,https://discobiscuits.net/shows/2001-03-17-waterloo-park-south-by-southwest-austin-tx,https://discobiscuits.net/songs/spacebirdmatingcall,https://archive.org/download/db2001-03-17AKG.shnf/db2001-03-17d2t01.mp3
Highwire,original,Jon Gutwillig,2001-03-22,Sammy,Palookaville,"Santa Cruz, CA",93,https://discobiscuits.net/shows/2001-03-22-palookaville-santa-cruz-ca,https://discobiscuits.net/songs/highwire,https://archive.org/download/db2001-03-22.mk4.flac16/db2001-03-22.t12.mk4.flac16.mp3
Save the Robots,original,Jon Gutwillig,2001-03-27,Sammy,Rialto Theater,"Tucson, AZ",177,https://discobiscuits.net/shows/2001-03-27-rialto-theater-tucson-az,https://discobiscuits.net/songs/save-the-robots,https://archive.org/download/db2001-03-27.mk4.flac16/db2001-03-27.mk4.d3t01.mp3
Spectacle,original,Jon Gutwillig,2001-03-30,Sammy,Gothic Theater,"Englewood, CO",116,https://discobiscuits.net/shows/2001-03-30-gothic-theater-englewood-co,https://discobiscuits.net/songs/spectacle,https://archive.org/download/db2001-03-30.flac16/db2001-03-30d1t03.mp3
Spy,original,Aron Magner,2001-03-31,Sammy,Fox Theatre,"Boulder, CO",89,https://discobiscuits.net/shows/2001-03-31-fox-theatre-boulder-co,https://discobiscuits.net/songs/spy,https://archive.org/download/db2001-03-31.mk4.flac16/db2001-03-31.t11.mk4.flac16.mp3
Boulevard,original,Jon Gutwillig,2001-04-01,Sammy,Fox Theatre,"Boulder, CO",6,https://discobiscuits.net/shows/2001-04-01-fox-theatre-boulder-co,https://discobiscuits.net/songs/boulevard,https://archive.org/download/db2001-04-01.shnf/db2001-04-01d4t01.mp3
Ducks and Geese Are Free,original,Marc Brownstein,2001-04-06,Sammy,The Rave,"Milwaukee, WI",6,https://discobiscuits.net/shows/2001-04-06-the-rave-milwaukee-wi,https://discobiscuits.net/songs/ducks-and-geese-are-free,https://archive.org/download/db2001-04-06.shnf/db2001-04-06d2/db2001-04-06d2t04.mp3
Smell the Funk,original,Marc Brownstein,2001-05-05,Sammy,Zephyr Club,"Salt Lake City, UT",1,https://discobiscuits.net/shows/2001-05-05-zephyr-club-salt-lake-city-ut,https://discobiscuits.net/songs/smell-the-funk,
Three Days,cover,Jane's Addiction,2001-06-09,Sammy,Cooper River Stadium,"Camden, NJ",11,https://discobiscuits.net/shows/2001-06-09-cooper-river-stadium-camden-nj,https://discobiscuits.net/songs/three-days,https://archive.org/download/db2001-06-09.flac16/db2001-06-09d2t03.mp3
The Tunnel,original,Marc Brownstein,2001-06-27,Sammy,Lisa Klein's House,"Cherry Hill, NJ",65,https://discobiscuits.net/shows/2001-06-27-lisa-klein-s-house-cherry-hill-nj,https://discobiscuits.net/songs/the-tunnel,
Bring It on Home,cover,Led Zeppelin,2001-06-28,Sammy,Roseland Ballroom,"New York, NY",4,https://discobiscuits.net/shows/2001-06-28-roseland-ballroom-new-york-ny,https://discobiscuits.net/songs/bring-it-on-home,https://archive.org/download/db2001-06-28.flac16/db2001-06-28d1t04.mp3
Astronaut,original,Jon Gutwillig,2001-08-08,Sammy,The Boom Boom Room,"San Francisco, CA",196,https://discobiscuits.net/shows/2001-08-08-the-boom-boom-room-san-francisco-ca,https://discobiscuits.net/songs/astronaut,https://archive.org/download/db2001-08-08.mk4.dc.flac16/db2001-08-08d2t03.mp3
Coat,original,Jon Gutwillig,2001-08-08,Sammy,The Boom Boom Room,"San Francisco, CA",5,https://discobiscuits.net/shows/2001-08-08-the-boom-boom-room-san-francisco-ca,https://discobiscuits.net/songs/coat,https://archive.org/download/db2001-08-08.mk4.dc.flac16/db2001-08-08d3t02.mp3
Sound One,original,Sam Altman,2001-08-25,Sammy,Kahunaville,"Wilmington, DE",112,https://discobiscuits.net/shows/2001-08-25-kahunaville-wilmington-de,https://discobiscuits.net/songs/sound-one,https://archive.org/download/db2001-08-25.akg480ck61.flac16/db2001-08-25akg481d3t02.mp3
Reactor,original,Jon Gutwillig,2001-08-26,Sammy,Kahunaville,"Wilmington, DE",158,https://discobiscuits.net/shows/2001-08-26-kahunaville-wilmington-de,https://discobiscuits.net/songs/reactor,https://archive.org/download/db2001-08-26.shnf/db2001-08-26.shnf/db2001-08-26d2.shnf/db2001-08-26d2t02.mp3
Purple Haze,cover,Jimi Hendrix,2001-09-23,Sammy,Fox Theatre,"Boulder, CO",1,https://discobiscuits.net/shows/2001-09-23-fox-theatre-boulder-co,https://discobiscuits.net/songs/purple-haze,https://archive.org/download/db2001-09-23.shnf/db2001-09-23d3/db2001-09-23d3t4.mp3
Alice in Wonderland Jam,improvisation,The Disco Biscuits,2001-10-31,Sammy,Woodmen of the World Hall,"Eugene, OR",1,https://discobiscuits.net/shows/2001-10-31-woodmen-of-the-world-hall-eugene-or,https://discobiscuits.net/songs/alice-in-wonderland-jam,https://archive.org/download/db2001-10-31.shnf/db2001-10-31d2.shnf/db2001-10-31d2t01.mp3
Funeral March of a Marionette,cover,Charles Gounod,2001-10-31,Sammy,Woodmen of the World Hall,"Eugene, OR",1,https://discobiscuits.net/shows/2001-10-31-woodmen-of-the-world-hall-eugene-or,https://discobiscuits.net/songs/funeral-march-of-a-marionette,https://archive.org/download/db2001-10-31.shnf/db2001-10-31d1.shnf/db2001-10-31d1t02.mp3
Linus and Lucy,cover,Vince Guiraldi,2001-10-31,Sammy,Woodmen of the World Hall,"Eugene, OR",2,https://discobiscuits.net/shows/2001-10-31-woodmen-of-the-world-hall-eugene-or,https://discobiscuits.net/songs/linus-and-lucy,https://archive.org/download/db2001-10-31.shnf/db2001-10-31d1.shnf/db2001-10-31d1t04.mp3
Koyaanisqatsi Jam,improvisation,The Disco Biscuits,2001-11-02,Sammy,Crystal Ballroom,"Portland, OR",1,https://discobiscuits.net/shows/2001-11-02-crystal-ballroom-portland-or,https://discobiscuits.net/songs/koyaanisqatsi-jam,
Run Lola Run Jam,improvisation,,2001-11-03,Sammy,King Cat Theatre,"Seattle, WA",1,https://discobiscuits.net/shows/2001-11-03-king-cat-theatre-seattle-wa,https://discobiscuits.net/songs/run-lola-run-jam,https://archive.org/download/db2001-11-03.shnf/db2001-11-03d1.shnf/db2001-11-03d1t1.mp3
King of the World,original,The Disco Biscuits,2001-11-17,Sammy,The Catalyst,"Santa Cruz, CA",127,https://discobiscuits.net/shows/2001-11-17-the-catalyst-santa-cruz-ca,https://discobiscuits.net/songs/king-of-the-world,https://archive.org/download/db2001-11-17.shnf/db2001-11-17d2.shnf/db2001-11-17d2t01.mp3
Sister Judy's Soul Shack,original,Marc Brownstein,2001-11-17,Sammy,The Catalyst,"Santa Cruz, CA",55,https://discobiscuits.net/shows/2001-11-17-the-catalyst-santa-cruz-ca,https://discobiscuits.net/songs/sister-judys-soul-shack,https://archive.org/download/db2001-11-17.shnf/db2001-11-17d2.shnf/db2001-11-17d2t02.mp3
Float Like a Butterfly,original,Jon Gutwillig,2001-12-02,Sammy,Jake's Roadhouse,"Decatur, GA",1,https://discobiscuits.net/shows/2001-12-02-jake-s-roadhouse-decatur-ga,https://discobiscuits.net/songs/float-like-a-butterfly,
Indiana Jones Theme,cover,John Williams,2001-12-31,Sammy,Electric Factory,"Philadelphia, PA",1,https://discobiscuits.net/shows/2001-12-31-electric-factory-philadelphia-pa,https://discobiscuits.net/songs/indiana-jones-theme,https://archive.org/download/db2001-12-31.shnf/db2001-12-31d2t04.mp3
Star Wars Theme,cover,John Williams,2001-12-31,Sammy,Electric Factory,"Philadelphia, PA",1,https://discobiscuits.net/shows/2001-12-31-electric-factory-philadelphia-pa,https://discobiscuits.net/songs/star-wars-theme,https://archive.org/download/db2001-12-31.shnf/db2001-12-31d2t03.mp3
Superman Theme,cover,John Williams,2001-12-31,Sammy,Electric Factory,"Philadelphia, PA",4,https://discobiscuits.net/shows/2001-12-31-electric-factory-philadelphia-pa,https://discobiscuits.net/songs/superman-theme,https://archive.org/download/db2001-12-31.shnf/db2001-12-31d2t05.mp3
Ulua,original,Marc Brownstein,2002-03-29,Sammy,House of Blues,"Chicago, IL",15,https://discobiscuits.net/shows/2002-03-29-house-of-blues-chicago-il,https://discobiscuits.net/songs/ulua,https://archive.org/download/db2002-03-29.akg480ck61.shnf/db2002-03-29d3/db2002-03-29d3t02.mp3
One Way Flight,original,Jon Gutwillig,2002-03-30,Sammy,House of Blues,"Chicago, IL",1,https://discobiscuits.net/shows/2002-03-30-house-of-blues-chicago-il,https://discobiscuits.net/songs/one-way-flight,
Songs of Joy,original,Jon Gutwillig,2002-03-30,Sammy,House of Blues,"Chicago, IL",18,https://discobiscuits.net/shows/2002-03-30-house-of-blues-chicago-il,https://discobiscuits.net/songs/songs-of-joy,https://archive.org/download/db2002-03-30.shnf/db2002-03-30d2/db2002-03-30d2t5.mp3
Peter Gunn Theme,cover,Henry Mancini,2002-04-04,Sammy,Crocodile Rock,"Allentown, PA",4,https://discobiscuits.net/shows/2002-04-04-crocodile-rock-allentown-pa,https://discobiscuits.net/songs/peter-gunn-theme,https://archive.org/download/db2002-04-04.shnf/db2002-04-04d1t01.mp3
One,cover,Marvin Hamlisch; Edward Kleban,2002-04-06,Sammy,NorVa Theater,"Norfolk, VA",2,https://discobiscuits.net/shows/2002-04-06-norva-theater-norfolk-va,https://discobiscuits.net/songs/one,https://archive.org/download/db2002-04-06.shnf/db2002-04-06d3/db2002-04-06d3t04.mp3
Hibbage,original,Jon Gutwillig,2002-04-20,Sammy,Barrymore Theater,"Madison, WI",2,https://discobiscuits.net/shows/2002-04-20-barrymore-theater-madison-wi,https://discobiscuits.net/songs/hibbage,https://archive.org/download/db2002-04-20/db2002-04-20d1/db2002-04-20d1t10.mp3
I Remember When,original,Jon Gutwillig,2002-06-22,Sammy,Bonnaroo Music Festival,"Manchester, TN",81,https://discobiscuits.net/shows/2002-06-22-bonnaroo-music-festival-manchester-tn,https://discobiscuits.net/songs/i-remember-when,https://archive.org/download/db2002-06-22u89.shnf/db2002-06-22u89d2.shnf/db2002-06-22u89d2t03.mp3
Marvelous,original,Jon Gutwillig,2002-07-25,Sammy,Gothic Theater,"Englewood, CO",2,https://discobiscuits.net/shows/2002-07-25-gothic-theater-englewood-co,https://discobiscuits.net/songs/marvelous,https://archive.org/download/db2002-07-25.shnf/db2002-07-25d3/db2002-07-25d3t07.mp3
Rock Candy,original,Marc Brownstein,2002-07-25,Sammy,Gothic Theater,"Englewood, CO",193,https://discobiscuits.net/shows/2002-07-25-gothic-theater-englewood-co,https://discobiscuits.net/songs/rock-candy,https://archive.org/download/db2002-07-25.shnf/db2002-07-25d2/db2002-07-25d2t02.mp3
Kitchen Mitts,original,Jon Gutwillig,2002-07-26,Sammy,Mishawaka Amphitheater,"Bellvue, CO",90,https://discobiscuits.net/shows/2002-07-26-mishawaka-amphitheater-bellvue-co,https://discobiscuits.net/songs/kitchen-mitts,https://archive.org/download/db2002-07-26.shnf/db2002-07-26d2/db2002-07-26d2t03.mp3
Spraypaint,original,Jon Gutwillig,2002-07-27,Sammy,Mishawaka Amphitheater,"Bellvue, CO",148,https://discobiscuits.net/shows/2002-07-27-mishawaka-amphitheater-bellvue-co,https://discobiscuits.net/songs/spraypaint,
Whiskey River,cover,Willie Nelson,2002-07-27,Sammy,Mishawaka Amphitheater,"Bellvue, CO",2,https://discobiscuits.net/shows/2002-07-27-mishawaka-amphitheater-bellvue-co,https://discobiscuits.net/songs/whiskey-river,https://archive.org/download/db2002-07-27.shnf/db2002-07-27d3/db2002-07-27d3t07.mp3
Trucker's Choice,original,Jon Gutwillig,2002-08-02,Sammy,Park West,"Chicago, IL",35,https://discobiscuits.net/shows/2002-08-02-park-west-chicago-il,https://discobiscuits.net/songs/trucker-s-choice,https://archive.org/download/db2002-08-02.mk4.flac16/db2002-08-02mk4d2t04.mp3
Digital Buddha,original,Aron Magner,2002-09-26,Sammy,The Fillmore,"San Francisco, CA",202,https://discobiscuits.net/shows/2002-09-26-the-fillmore-san-francisco-ca,https://discobiscuits.net/songs/digital-buddha,https://archive.org/download/db2002-09-26.shnf/db2002-09-26d2/db2002-09-26d2t4.mp3
Don't Cry on Your Birthday,original,Sam Altman,2002-10-17,Sammy,The Moon,"Tallahassee, FL",1,https://discobiscuits.net/shows/2002-10-17-the-moon-tallahassee-fl,https://discobiscuits.net/songs/don-t-cry-on-your-birthday,https://archive.org/download/db2002-10-17.flac16/db2002-10-17d2t09.mp3
Manic Depression,cover,Jimi Hendrix,2002-10-20,Sammy,Jake's Roadhouse,"Decatur, GA",1,https://discobiscuits.net/shows/2002-10-20-jake-s-roadhouse-decatur-ga,https://discobiscuits.net/songs/manic-depression,https://archive.org/download/db2002-10-20.shnf/db2002-10-20d2/db02-10-20d2t06.mp3
Gangster,original,Jon Gutwillig,2002-12-29,Sammy,Electric Factory,"Philadelphia, PA",83,https://discobiscuits.net/shows/2002-12-29-electric-factory-philadelphia-pa,https://discobiscuits.net/songs/gangster,https://archive.org/download/db2002-12-29.ccm4v-v2-sbm.flac16/db2002-12-29ccm4v-v2-sbmd2t02.mp3
Coming Home,original,The Disco Biscuits,2002-12-31,Sammy,Electric Factory,"Philadelphia, PA",4,https://discobiscuits.net/shows/2002-12-31-electric-factory-philadelphia-pa,https://discobiscuits.net/songs/coming-home,
42,original,Marc Brownstein,2003-04-03,Sammy,Fox Theatre,"Boulder, CO",164,https://discobiscuits.net/shows/2003-04-03-fox-theatre-boulder-co,https://discobiscuits.net/songs/42,https://archive.org/download/db2003-04-03.shnf/db2003-04-03d1t08.mp3
World Is Spinning,original,Jon Gutwillig,2003-04-03,Sammy,Fox Theatre,"Boulder, CO",62,https://discobiscuits.net/shows/2003-04-03-fox-theatre-boulder-co,https://discobiscuits.net/songs/world-is-spinning,https://archive.org/download/db2003-04-03.shnf/db2003-04-03d2t06.mp3
Paint the Day,original,Marc Brownstein,2003-04-04,Sammy,Fox Theatre,"Boulder, CO",4,https://discobiscuits.net/shows/2003-04-04-fox-theatre-boulder-co,https://discobiscuits.net/songs/paint-the-day,
Resurrection,original,Aron Magner,2003-04-04,Sammy,Fox Theatre,"Boulder, CO",35,https://discobiscuits.net/shows/2003-04-04-fox-theatre-boulder-co,https://discobiscuits.net/songs/resurrection,
Camera B,original,Jon Gutwillig,2003-04-05,Sammy,8150,"Vail, CO",17,https://discobiscuits.net/shows/2003-04-05-8150-vail-co,https://discobiscuits.net/songs/camera-b,https://archive.org/download/db2003-04-05.ccm4v.flac16/db2003-04-05d2t05.mp3
Mariel Bop Bop,original,Jon Gutwillig,2003-04-05,Sammy,8150,"Vail, CO",3,https://discobiscuits.net/shows/2003-04-05-8150-vail-co,https://discobiscuits.net/songs/mariel-bop-bop,https://archive.org/download/db2003-04-05.ccm4v.flac16/db2003-04-05d2t06.mp3
Sabre Dance,cover,Aram Khatchaturian,2003-08-07,Sammy,Amazura Ballroom,"Jamaica, NY",28,https://discobiscuits.net/shows/2003-08-07-amazura-ballroom-jamaica-ny,https://discobiscuits.net/songs/sabre-dance,https://archive.org/download/db2003-08-07.shnf/db2003-08-07d1.shnf/db2003-08-07d1t04.mp3
In the Hall of the Mountain King,cover,Edvard Grieg,2003-08-08,Sammy,Amazura Ballroom,"Jamaica, NY",9,https://discobiscuits.net/shows/2003-08-08-amazura-ballroom-jamaica-ny,https://discobiscuits.net/songs/in-the-hall-of-the-mountain-king,https://archive.org/download/db2003-08-08.shnf/db2003-08-08d3.shnf/db2003-08-08d3t06.mp3
Waltz of the Flowers,cover,Pyotr Ilyich Tchaikovsky,2003-08-11,Sammy,Tussey Mountain Amphitheater,"Boalsburg, PA",4,https://discobiscuits.net/shows/2003-08-11-tussey-mountain-amphitheater-boalsburg-pa,https://discobiscuits.net/songs/waltz-of-the-flowers,https://archive.org/download/db2003-08-11.akg391.flac16/db2003-08-11akg391d3t03.mp3
Whole Lotta Love,cover,Led Zeppelin,2003-08-11,Sammy,Tussey Mountain Amphitheater,"Boalsburg, PA",1,https://discobiscuits.net/shows/2003-08-11-tussey-mountain-amphitheater-boalsburg-pa,https://discobiscuits.net/songs/whole-lotta-love,https://archive.org/download/db2003-08-11.akg391.flac16/db2003-08-11akg391d2t02.mp3
Peter's Theme,cover,Sergei Prokofiev,2003-08-21,Sammy,Crocodile Rock,"Allentown, PA",1,https://discobiscuits.net/shows/2003-08-21-crocodile-rock-allentown-pa,https://discobiscuits.net/songs/peter-s-theme,https://archive.org/download/db2003-08-21.shnf/db2003-08-21d2.shnf/db2003-08-21d2t10.mp3
Stir It Up,cover,Bob Marley,2003-08-31,Sammy,Cervantes' Masterpiece Ballroom,"Denver, CO",2,https://discobiscuits.net/shows/2003-08-31-cervantes-masterpiece-ballroom-denver-co,https://discobiscuits.net/songs/stir-it-up,https://archive.org/download/db2003-08-31ccm4v.shnf/db2003-08-31d3/db2003-08-31ccm4vd3t05.mp3
Dazed and Confused,cover,Led Zeppelin,2003-09-27,Sammy,The Silo,"Reading, PA",2,https://discobiscuits.net/shows/2003-09-27-the-silo-reading-pa,https://discobiscuits.net/songs/dazed-and-confused,https://archive.org/download/db2003-09-27.shnf/db2003-09-27d2/db2003-09-27d2t08.mp3
Fever,original,Jon Gutwillig,2003-09-27,Sammy,The Silo,"Reading, PA",7,https://discobiscuits.net/shows/2003-09-27-the-silo-reading-pa,https://discobiscuits.net/songs/fever,https://archive.org/download/db2003-09-27.shnf/db2003-09-27d1/db2003-09-27d1t01.mp3
In the Meantime,cover,Spacehog,2003-09-27,Sammy,The Silo,"Reading, PA",2,https://discobiscuits.net/shows/2003-09-27-the-silo-reading-pa,https://discobiscuits.net/songs/in-the-meantime,https://archive.org/download/db2003-09-27.shnf/db2003-09-27d1/db2003-09-27d1t07.mp3
Moshi-Moshi Jam,improvisation,Aron Magner,2003-09-27,Sammy,The Silo,"Reading, PA",7,https://discobiscuits.net/shows/2003-09-27-the-silo-reading-pa,https://discobiscuits.net/songs/moshi-moshi-jam,
Resolution,cover,Mahavishnu Orchestra,2003-09-27,Sammy,The Silo,"Reading, PA",6,https://discobiscuits.net/shows/2003-09-27-the-silo-reading-pa,https://discobiscuits.net/songs/resolution,https://archive.org/download/db2003-09-27.shnf/db2003-09-27d2/db2003-09-27d2t01.mp3
Safety Dance,cover,Men Without Hats,2003-09-27,Sammy,The Silo,"Reading, PA",74,https://discobiscuits.net/shows/2003-09-27-the-silo-reading-pa,https://discobiscuits.net/songs/safety-dance,https://archive.org/download/db2003-09-27.shnf/db2003-09-27d1/db2003-09-27d1t05.mp3
Therapy,original,Marc Brownstein,2003-09-27,Sammy,The Silo,"Reading, PA",46,https://discobiscuits.net/shows/2003-09-27-the-silo-reading-pa,https://discobiscuits.net/songs/therapy,https://archive.org/download/db2003-09-27.shnf/db2003-09-27d2/db2003-09-27d2t02.mp3
Where Do the Children Play?,cover,Cat Stevens,2003-09-29,Sammy,Club Tinks,"Scranton, PA",1,https://discobiscuits.net/shows/2003-09-29-club-tinks-scranton-pa,https://discobiscuits.net/songs/where-do-the-children-play,https://archive.org/download/db2003-09-29.shnf/db2003-09-29d2/db2003-09-29d2t05.mp3
Gimme Three Steps,cover,Lynyrd Skynyrd,2003-10-22,Sammy,Asheville Civic Center,"Asheville, NC",2,https://discobiscuits.net/shows/2003-10-22-asheville-civic-center-asheville-nc,https://discobiscuits.net/songs/gimme-three-steps,
Caterpillar,original,Marc Brownstein,2003-10-23,Sammy,Stella Blue,"Asheville, NC",175,https://discobiscuits.net/shows/2003-10-23-stella-blue-asheville-nc,https://discobiscuits.net/songs/caterpillar,https://archive.org/download/db2003-10-23.shnf/db2003-10-23d3.shnf/db2003-10-23d3t04.mp3
Macina Verde,original,Marc Brownstein,2003-11-26,Sammy,Avalon Ballroom,"Boston, MA",1,https://discobiscuits.net/shows/2003-11-26-avalon-ballroom-boston-ma,https://discobiscuits.net/songs/macina-verde,https://archive.org/download/db2003-11-26.shnf/db2003-11-26d1.shnf/db2003-11-26d1t06.mp3
One Day You'll Know,original,Marc Brownstein,2003-11-26,Sammy,Avalon Ballroom,"Boston, MA",1,https://discobiscuits.net/shows/2003-11-26-avalon-ballroom-boston-ma,https://discobiscuits.net/songs/one-day-you-ll-know,https://archive.org/download/db2003-11-26.shnf/db2003-11-26d1.shnf/db2003-11-26d1t07.mp3
Little Red Rooster,cover,Willie Dixon,2003-12-29,Sammy,Slipper Room,"New York City, NY",1,https://discobiscuits.net/shows/2003-12-29-slipper-room-new-york-city-ny,https://discobiscuits.net/songs/little-red-rooster,
Onamae Wa,original,Sam Altman,2003-12-29,Sammy,Slipper Room,"New York City, NY",33,https://discobiscuits.net/shows/2003-12-29-slipper-room-new-york-city-ny,https://discobiscuits.net/songs/onamae-wa,
Biscuits/New Deal Jam,improvisation,The Disco Biscuits; The New Deal,2003-12-31,Sammy,Hammerstein Ballroom,"New York, NY",1,https://discobiscuits.net/shows/2003-12-31-hammerstein-ballroom-new-york-ny,https://discobiscuits.net/songs/biscuits-new-deal-jam,
Blame Canada,cover,Matt Stone; Trey Parker,2003-12-31,Sammy,Hammerstein Ballroom,"New York, NY",1,https://discobiscuits.net/shows/2003-12-31-hammerstein-ballroom-new-york-ny,https://discobiscuits.net/songs/blame-canada,https://archive.org/download/db2003-12-31.akg.shnf/db2003-12-31d4t04.mp3
Chocolate Salty Balls (P.S. I Love You),cover,Matt Stone; Trey Parker,2003-12-31,Sammy,Hammerstein Ballroom,"New York, NY",1,https://discobiscuits.net/shows/2003-12-31-hammerstein-ballroom-new-york-ny,https://discobiscuits.net/songs/chocolate-salty-balls-p-s-i-love-you,https://archive.org/download/db2003-12-31.akg.shnf/db2003-12-31d4t07.mp3
Fuck the Robots 1,original,The Disco Biscuits,2003-12-31,Sammy,Hammerstein Ballroom,"New York, NY",1,https://discobiscuits.net/shows/2003-12-31-hammerstein-ballroom-new-york-ny,https://discobiscuits.net/songs/fuck-the-robots-1,
It's Easy Mmmkay?,cover,Matt Stone; Trey Parker,2003-12-31,Sammy,Hammerstein Ballroom,"New York, NY",1,https://discobiscuits.net/shows/2003-12-31-hammerstein-ballroom-new-york-ny,https://discobiscuits.net/songs/it-s-easy-mmmkay,https://archive.org/download/db2003-12-31.akg.shnf/db2003-12-31d4t06.mp3
Kyle's Mom's a Bitch,cover,Matt Stone; Trey Parker,2003-12-31,Sammy,Hammerstein Ballroom,"New York, NY",1,https://discobiscuits.net/shows/2003-12-31-hammerstein-ballroom-new-york-ny,https://discobiscuits.net/songs/kyle-s-mom-s-a-bitch,https://archive.org/download/db2003-12-31.akg.shnf/db2003-12-31d4t05.mp3
New Deal/Biscuits Jam,improvisation,The Disco Biscuits; The New Deal,2003-12-31,Sammy,Hammerstein Ballroom,"New York, NY",2,https://discobiscuits.net/shows/2003-12-31-hammerstein-ballroom-new-york-ny,https://discobiscuits.net/songs/new-deal-biscuits-jam,
Ohayo Gozaimasu,original,Jon Gutwillig,2003-12-31,Sammy,Hammerstein Ballroom,"New York, NY",3,https://discobiscuits.net/shows/2003-12-31-hammerstein-ballroom-new-york-ny,https://discobiscuits.net/songs/ohayo-gozaimasu,
Sweating Bullets,original,Jon Gutwillig,2003-12-31,Sammy,Hammerstein Ballroom,"New York, NY",48,https://discobiscuits.net/shows/2003-12-31-hammerstein-ballroom-new-york-ny,https://discobiscuits.net/songs/sweating-bullets,https://archive.org/download/db2003-12-31.akg.shnf/db2003-12-31d4t12.mp3
La Di Da Di,cover,Slick Rick,2004-03-16,Sammy,The Theater at Madison Square Garden,"New York, NY",1,https://discobiscuits.net/shows/2004-03-16-the-theater-at-madison-square-garden-new-york-ny,https://discobiscuits.net/songs/la-di-da-di,https://archive.org/download/db2004-03-16.shnf/db2004-03-16d1t04.mp3
Jam on the River Song,improvisation,The Disco Biscuits,2004-05-29,Sammy,Penn's Landing,"Philadelphia, PA",1,https://discobiscuits.net/shows/2004-05-29-penn-s-landing-philadelphia-pa,https://discobiscuits.net/songs/jam-on-the-river-song,https://archive.org/download/db2004-05-29RM.shnf/db2004-05-29RMd1/db2004-05-29RMd1t07.mp3
Knight Rider Theme,cover,Glen Larson; Stu Phillips,2004-09-05,Sammy,Webster Theater,"Hartford, CT",2,https://discobiscuits.net/shows/2004-09-05-webster-theater-hartford-ct,https://discobiscuits.net/songs/knight-rider-theme,https://archive.org/download/db2004-09-05dpa4022.shnf/db2004-09-05dpa4022d2t05.mp3
Fletch Theme,cover,Harold Faltermeyer,2004-10-01,Sammy,McDonough Gymnasium at Georgetown University,"Washington, DC",1,https://discobiscuits.net/shows/2004-10-01-mcdonough-gymnasium-at-georgetown-university-washington-dc,https://discobiscuits.net/songs/fletch-theme,https://archive.org/download/db2004-10-01mk012.flac16/db2004-10-01d2t03.mp3
No Pain,original,Jon Gutwillig,2004-10-01,Sammy,McDonough Gymnasium at Georgetown University,"Washington, DC",1,https://discobiscuits.net/shows/2004-10-01-mcdonough-gymnasium-at-georgetown-university-washington-dc,https://discobiscuits.net/songs/no-pain,https://archive.org/download/db2004-10-01mk012.flac16/db2004-10-01d2t01.mp3
Honky-Tonk History,cover,Travis Tritt,2005-04-26,Sammy,The Theater at MSG,"New York, NY",1,https://discobiscuits.net/shows/2005-04-26-the-theater-at-msg-new-york-ny,https://discobiscuits.net/songs/honky-tonk-history,https://archive.org/download/db2005-04-26.flac16/db2005-04-26d4t03.mp3
Salute to Sammy,original,The Disco Biscuits,2005-08-27,Sammy,Skye Top Festival Grounds,"Van Etten, NY",1,https://discobiscuits.net/shows/2005-08-27-skye-top-festival-grounds-van-etten-ny,https://discobiscuits.net/songs/salute-to-sammy,https://archive.org/download/db2005-08-27akg480ck61.flac16/db2005-08-27akg481-16bitd4t01.mp3
Strawberry Girl,original,Jon Gutwillig,2005-11-18,Between,The Music Box at the Borgata Hotel and Casino,"Atlantic City, NJ",8,https://discobiscuits.net/shows/2005-11-18-the-music-box-at-the-borgata-hotel-and-casino-atlantic-city-nj,https://discobiscuits.net/songs/strawberry-girl,https://archive.org/download/db2005-11-18c02sfa.flac16/db2005-11-18c02sfd1t08.mp3
Two Cigarettes,original,Jon Gutwillig,2005-11-18,Between,The Music Box at the Borgata Hotel and Casino,"Atlantic City, NJ",1,https://discobiscuits.net/shows/2005-11-18-the-music-box-at-the-borgata-hotel-and-casino-atlantic-city-nj,https://discobiscuits.net/songs/two-cigarettes,
Commercial Amen,original,Conspirator; Aron Magner; Marc Brownstein,2005-12-28,Allen,Tower Theater,"Upper Darby, PA",20,https://discobiscuits.net/shows/2005-12-28-tower-theater-upper-darby-pa,https://discobiscuits.net/songs/commercial-amen,https://archive.org/download/db2005-12-28dpa4022.flac16/db2005-12-28dpa4022d3t02.mp3
Liquid Handcuffs,original,Conspirator; Aron Magner; Marc Brownstein,2005-12-28,Allen,Tower Theater,"Upper Darby, PA",27,https://discobiscuits.net/shows/2005-12-28-tower-theater-upper-darby-pa,https://discobiscuits.net/songs/liquid-handcuffs,https://archive.org/download/db2005-12-28dpa4022.flac16/db2005-12-28dpa4022d3t03.mp3
Cyclone,original,JM2; Marc Brownstein; Jon Gutwillig; Jamie Shields; Mike Greenfield,2005-12-29,Allen,Tower Theater,"Upper Darby, PA",183,https://discobiscuits.net/shows/2005-12-29-tower-theater-upper-darby-pa,https://discobiscuits.net/songs/cyclone,https://archive.org/download/db2005-12-29c02sf.flac16/db2005-12-29c02sfd2t04.mp3
Tempest,original,JM2; Marc Brownstein; Jon Gutwillig; Jamie Shields; Mike Greenfield,2005-12-29,Allen,Tower Theater,"Upper Darby, PA",79,https://discobiscuits.net/shows/2005-12-29-tower-theater-upper-darby-pa,https://discobiscuits.net/songs/tempest,https://archive.org/download/db2005-12-29c02sf.flac16/db2005-12-29c02sfd1t07.mp3
The Great Abyss,original,The Disco Biscuits,2006-02-04,Allen,The Fillmore Auditorium,"Denver, CO",159,https://discobiscuits.net/shows/2006-02-04-the-fillmore-auditorium-denver-co,https://discobiscuits.net/songs/the-great-abyss,https://archive.org/download/db2006-02-04.sbd.flac16/db2006-02-04sbd-set2-d1t05.mp3
I've Got a Feeling,cover,The Beatles,2006-02-22,Allen,Rams Head Live,"Baltimore, MD",9,https://discobiscuits.net/shows/2006-02-22-rams-head-live-baltimore-md,https://discobiscuits.net/songs/i-ve-got-a-feeling,https://archive.org/download/db2006-02-22c02sf.flac16/db2006-02-22c02sfd3t04.mp3
Abraxas,original,Marc Brownstein,2006-04-14,Allen,Higher Ground,"South Burlington, VT",116,https://discobiscuits.net/shows/2006-04-14-higher-ground-south-burlington-vt,https://discobiscuits.net/songs/abraxas,https://archive.org/download/db2006-04-14.tlm170/db2006-04-14d2t02.mp3
Step Inside,original,Aron Magner,2006-04-15,Allen,Higher Ground,"South Burlington, VT",20,https://discobiscuits.net/shows/2006-04-15-higher-ground-south-burlington-vt,https://discobiscuits.net/songs/step-inside,https://archive.org/download/db2006-04-15.tlm170/db2006-04-15d2t04.mp3
Rock and Roll Fantasy,original,Jon Gutwillig,2006-04-29,Allen,Georgia Theater,"Athens, GA",3,https://discobiscuits.net/shows/2006-04-29-georgia-theater-athens-ga,https://discobiscuits.net/songs/rock-and-roll-fantasy,https://archive.org/download/db2006-04-29.mk4.flac16/db2006-04-29mk4d2t04.mp3
I Remember Ray,original,Aron Magner,2006-05-03,Allen,The Rave,"Milwaukee, WI",3,https://discobiscuits.net/shows/2006-05-03-the-rave-milwaukee-wi,https://discobiscuits.net/songs/i-remember-ray,https://archive.org/download/db2006-05-03.akg481.flac16/db2006-05-03akg481d3t05.mp3
In the Kitchen,cover,Umphrey's McGee,2006-05-05,Allen,Vic Theatre,"Chicago, IL",1,https://discobiscuits.net/shows/2006-05-05-vic-theatre-chicago-il,https://discobiscuits.net/songs/in-the-kitchen,https://archive.org/download/db.2006-05-05.akg480ck61.flac16/db2006-05-05akg481-16bitd2t02.mp3
Pinball Wizard,cover,The Who,2006-05-28,Allen,Electric Factory,"Philadelphia, PA",6,https://discobiscuits.net/shows/2006-05-28-electric-factory-philadelphia-pa,https://discobiscuits.net/songs/pinball-wizard,https://archive.org/download/db2006-05-28c02sf/db2006-05-28c02sfd3t02.mp3
Bach's Inventio 13,cover,Bach,2006-06-16,Allen,Bonnaroo Music Festival,"Manchester, TN",4,https://discobiscuits.net/shows/2006-06-16-bonnaroo-music-festival-manchester-tn,https://discobiscuits.net/songs/bach-s-inventio-13,
Boom Shanker,original,Conspirator; Aron Magner; Marc Brownstein,2006-08-26,Allen,Hunter Mountain Ski & Lodge,"Hunter, NY",37,https://discobiscuits.net/shows/2006-08-26-hunter-mountain-ski-lodge-hunter-ny,https://discobiscuits.net/songs/boom-shanker,https://archive.org/download/db2006-08-26.akg481.flac16/db2006-08-26d1t08.mp3
Gamma Goblins,cover,Hallucinogen; Simon Posford,2006-08-26,Allen,Hunter Mountain Ski & Lodge,"Hunter, NY",10,https://discobiscuits.net/shows/2006-08-26-hunter-mountain-ski-lodge-hunter-ny,https://discobiscuits.net/songs/gamma-goblins,https://archive.org/download/db2006-08-26.akg481.flac16/db2006-08-26d1t10.mp3
Kelly Watch the Stars,cover,Air,2006-08-26,Allen,Hunter Mountain Ski & Lodge,"Hunter, NY",5,https://discobiscuits.net/shows/2006-08-26-hunter-mountain-ski-lodge-hunter-ny,https://discobiscuits.net/songs/kelly-watch-the-stars,https://archive.org/download/db2006-08-26.akg481.flac16/db2006-08-26d2t03.mp3
Whip It,cover,Devo,2006-10-19,Allen,The Stundent Pavillion at Washington & Lee University,"Lexington, VA",5,https://discobiscuits.net/shows/2006-10-19-the-stundent-pavillion-at-washington-lee-university-lexington-va,https://discobiscuits.net/songs/whip-it,https://archive.org/download/db2006-10-19.b2-pro.akg-d8000s.flac16/db2006-10-19.b2-pro.akgd8000s.d1t06.mp3
O Fortuna,cover,Carl Orff,2006-10-31,Allen,Orpheum Theater,"Boston, MA",3,https://discobiscuits.net/shows/2006-10-31-orpheum-theater-boston-ma,https://discobiscuits.net/songs/o-fortuna,https://archive.org/download/db2006-10-31.tlm170.flac16/db2006-10-31tlm170d1t04.mp3
You Can't Always Get What You Want,cover,The Rolling Stones,2006-10-31,Allen,Orpheum Theater,"Boston, MA",2,https://discobiscuits.net/shows/2006-10-31-orpheum-theater-boston-ma,https://discobiscuits.net/songs/you-can-t-always-get-what-you-want,https://archive.org/download/db2006-10-31.tlm170.flac16/db2006-10-31tlm170d2t08.mp3
Moshi-Drum Jam,improvisation,Allen Aucoin; Aron Magner,2006-11-01,Allen,State Theater,"Ithaca, NY",4,https://discobiscuits.net/shows/2006-11-01-state-theater-ithaca-ny,https://discobiscuits.net/songs/moshi-drum-jam,
Echoes,cover,Pink Floyd,2006-11-12,Allen,House of Blues,"Cleveland, OH",7,https://discobiscuits.net/shows/2006-11-12-house-of-blues-cleveland-oh,https://discobiscuits.net/songs/echoes,https://archive.org/download/db2006-11-12.mk4.flac16/db2006-11-12d2t05.mp3
Lithium,cover,Nirvana,2006-11-21,Allen,The New Daisy Theater,"Memphis, TN",12,https://discobiscuits.net/shows/2006-11-21-the-new-daisy-theater-memphis-tn,https://discobiscuits.net/songs/lithium,
November Rain,cover,Guns N' Roses,2006-11-24,Allen,Hammerstein Ballroom,"New York, NY",10,https://discobiscuits.net/shows/2006-11-24-hammerstein-ballroom-new-york-ny,https://discobiscuits.net/songs/november-rain,https://archive.org/download/db2006-11-24.mbho.flac16/db2006-11-24mbhod3t07.mp3
Solstice,cover,Hallucinogen; Simon Posford,2006-12-28,Allen,Sonar Lounge,"Baltimore, MD",4,https://discobiscuits.net/shows/2006-12-28-sonar-lounge-baltimore-md,https://discobiscuits.net/songs/solstice,https://archive.org/download/db2006-12-28.akg483.flac16/db2006-12-28akg483d4t03.mp3
Joy to the World,cover,Isaac Watts,2006-12-29,Allen,Theater of the Living Arts,"Philadelphia, PA",1,https://discobiscuits.net/shows/2006-12-29-theater-of-the-living-arts-philadelphia-pa,https://discobiscuits.net/songs/joy-to-the-world,https://archive.org/download/db2006-12-29.akg483.flac16/db2006-12-29akg483d1t04.mp3
Orch Theme,original,Conspirator; Aron Magner; Marc Brownstein,2006-12-31,Allen,Tweeter Center at the Waterfront,"Camden, NJ",150,https://discobiscuits.net/shows/2006-12-31-tweeter-center-at-the-waterfront-camden-nj,https://discobiscuits.net/songs/orch-theme,https://archive.org/download/db2006-12-31.b1-pro.flac16/db2006-12-31.b1-pro.d3t03.mp3
Paul Revere,cover,Beastie Boys,2006-12-31,Allen,Tweeter Center at the Waterfront,"Camden, NJ",5,https://discobiscuits.net/shows/2006-12-31-tweeter-center-at-the-waterfront-camden-nj,https://discobiscuits.net/songs/paul-revere,https://archive.org/download/db2006-12-31.b1-pro.flac16/db2006-12-31.b1-pro.d2t02.mp3
We're Not Gonna Take It,cover,The Who,2006-12-31,Allen,Tweeter Center at the Waterfront,"Camden, NJ",9,https://discobiscuits.net/shows/2006-12-31-tweeter-center-at-the-waterfront-camden-nj,https://discobiscuits.net/songs/we-re-not-gonna-take-it,
Air Song,original,Aron Magner; Marc Brownstein,2007-02-15,Allen,Starland Ballroom,"Sayreville, NJ",59,https://discobiscuits.net/shows/2007-02-15-starland-ballroom-sayreville-nj,https://discobiscuits.net/songs/air-song,
Glastonbury,original,Aron Magner; Marc Brownstein,2007-02-15,Allen,Starland Ballroom,"Sayreville, NJ",4,https://discobiscuits.net/shows/2007-02-15-starland-ballroom-sayreville-nj,https://discobiscuits.net/songs/glastonbury,
Minions,original,The Disco Biscuits,2007-02-15,Allen,Starland Ballroom,"Sayreville, NJ",59,https://discobiscuits.net/shows/2007-02-15-starland-ballroom-sayreville-nj,https://discobiscuits.net/songs/minions,
Moshi-Fameus Jam,original,Allen Aucoin; Aron Magner,2007-02-15,Allen,Starland Ballroom,"Sayreville, NJ",16,https://discobiscuits.net/shows/2007-02-15-starland-ballroom-sayreville-nj,https://discobiscuits.net/songs/moshi-fameus-jam,
Rockafella,original,Jon Gutwillig,2007-02-15,Allen,Starland Ballroom,"Sayreville, NJ",68,https://discobiscuits.net/shows/2007-02-15-starland-ballroom-sayreville-nj,https://discobiscuits.net/songs/rockafella,
Shadow,original,Jon Gutwillig,2007-02-15,Allen,Starland Ballroom,"Sayreville, NJ",33,https://discobiscuits.net/shows/2007-02-15-starland-ballroom-sayreville-nj,https://discobiscuits.net/songs/shadow,
Super Mario Starman Jam,cover,Koji Kondo,2007-02-15,Allen,Starland Ballroom,"Sayreville, NJ",3,https://discobiscuits.net/shows/2007-02-15-starland-ballroom-sayreville-nj,https://discobiscuits.net/songs/super-mario-starman-jam,
Sweat Box,original,The Disco Biscuits,2007-02-15,Allen,Starland Ballroom,"Sayreville, NJ",2,https://discobiscuits.net/shows/2007-02-15-starland-ballroom-sayreville-nj,https://discobiscuits.net/songs/sweat-box,
Strobelights and Martinis,original,The Disco Biscuits,2007-02-16,Allen,Starland Ballroom,"Sayreville, NJ",86,https://discobiscuits.net/shows/2007-02-16-starland-ballroom-sayreville-nj,https://discobiscuits.net/songs/strobelights-and-martinis,https://archive.org/download/db2007-02-16.b2-pro.c02.flac16/db2007-02-16.b2-pro.c02.d2t02.mp3
Matisyahu Jam,improvisation,,2007-03-10,Allen,Langerado Music Festival,"Sunrise, FL",1,https://discobiscuits.net/shows/2007-03-10-langerado-music-festival-sunrise-fl,https://discobiscuits.net/songs/matisyahu-jam,
Kashmir,cover,Led Zeppelin,2007-03-24,Allen,Olympic Center,"Lake Placid, NY",2,https://discobiscuits.net/shows/2007-03-24-olympic-center-lake-placid-ny,https://discobiscuits.net/songs/kashmir,https://archive.org/download/db2007-03-24.mbho.ka500.flac16/db2007-03-24.mbho.d1t01.mp3
10 Ton Foot,original,Marc Brownstein,2007-05-16,Allen,Lupo's Heartbreak Hotel,"Providence, RI",7,https://discobiscuits.net/shows/2007-05-16-lupos-heartbreak-hotel-providence-ri,https://discobiscuits.net/songs/10-ton-foot,https://archive.org/download/db2007-05-16.ka200.rm.flac16/db2007-05-16.ka200.d2t02.mp3
Lunar Pursuit,original,Aron Magner; Marc Brownstein,2007-05-16,Allen,Lupo's Heartbreak Hotel,"Providence, RI",91,https://discobiscuits.net/shows/2007-05-16-lupos-heartbreak-hotel-providence-ri,https://discobiscuits.net/songs/lunar-pursuit,https://archive.org/download/db2007-05-16.ka200.rm.flac16/db2007-05-16.ka200.d1t02.mp3
Seven Nation Army,cover,The White Stripes,2007-07-13,Allen,Fox Theatre,"Boulder, CO",1,https://discobiscuits.net/shows/2007-07-13-fox-theatre-boulder-co,https://discobiscuits.net/songs/seven-nation-army,https://archive.org/download/db2007-07-13.dpa4027.flac16/db2007-07-13dpa4027d2t01.mp3
I Wanna Be Sedated,cover,The Ramones,2007-08-15,Allen,McCarren Park Pool,"Williamsburg, NY",4,https://discobiscuits.net/shows/2007-08-15-mccarren-park-pool-williamsburg-ny,https://discobiscuits.net/songs/i-wanna-be-sedated,https://archive.org/download/db2007-08-15.ka500.flac16/db2007-08-15.ka500.d2t08.mp3
Termites,original,Jon Gutwillig,2007-08-15,Allen,McCarren Park Pool,"Williamsburg, NY",2,https://discobiscuits.net/shows/2007-08-15-mccarren-park-pool-williamsburg-ny,https://discobiscuits.net/songs/termites,
Papercut,original,Marc Brownstein,2007-08-18,Allen,Indian Lookout Country Club,"Mariaville, NY",28,https://discobiscuits.net/shows/2007-08-18-indian-lookout-country-club-mariaville-ny,https://discobiscuits.net/songs/papercut,https://archive.org/download/db2007-08-18.ka200-rm.flac16/db2007-08-18.ka200-rm.d3t01.mp3
Take a Bow,cover,Muse,2007-08-18,Allen,Indian Lookout Country Club,"Mariaville, NY",2,https://discobiscuits.net/shows/2007-08-18-indian-lookout-country-club-mariaville-ny,https://discobiscuits.net/songs/take-a-bow,https://archive.org/download/db2007-08-18.ka200-rm.flac16/db2007-08-18.ka200-rm.d1t07.mp3
A Night on Bald Mountain,cover,Modest Mussorgsky,2007-10-31,Allen,Orpheum Theater,"Boston, MA",1,https://discobiscuits.net/shows/2007-10-31-orpheum-theater-boston-ma,https://discobiscuits.net/songs/a-night-on-bald-mountain,https://archive.org/download/db2007-10-31.at4040.flac16/db2007-10-31.at4040-rm.d1t01.mp3
Toccata and Fugue in D Minor,cover,Bach,2007-10-31,Allen,Orpheum Theater,"Boston, MA",1,https://discobiscuits.net/shows/2007-10-31-orpheum-theater-boston-ma,https://discobiscuits.net/songs/toccata-and-fugue-in-d-minor,
Sgt. Pepper's Lonely Hearts Club Band,cover,The Beatles,2007-11-04,Allen,Town Ballroom,"Buffalo, NY",4,https://discobiscuits.net/shows/2007-11-04-town-ballroom-buffalo-ny,https://discobiscuits.net/songs/sgt-pepper-s-lonely-hearts-club-band,https://archive.org/download/db2007-11-04.c4-rm.flac16/db2007-11-04.c4-rm.d1t02.mp3
Sgt. Pepper's Lonely Hearts Club Band (Reprise),cover,The Beatles,2007-11-04,Allen,Town Ballroom,"Buffalo, NY",2,https://discobiscuits.net/shows/2007-11-04-town-ballroom-buffalo-ny,https://discobiscuits.net/songs/sgt-pepper-s-lonely-hearts-club-band-reprise,https://archive.org/download/db2007-11-04.c4-rm.flac16/db2007-11-04.c4-rm.d1t02.mp3
Mastermind,original,Marc Brownstein,2007-12-13,Allen,Caribbean Holidaze,"Runaway Bay, Jamaica",7,https://discobiscuits.net/shows/2007-12-13-caribbean-holidaze-runaway-bay-jamaica,https://discobiscuits.net/songs/mastermind,https://archive.org/download/db2007-12-13.ccm4v.flac16/db2007-12-13d3t04.mp3
Where the Streets Have No Name,cover,U2,2007-12-14,Allen,Caribbean Holidaze,"Runaway Bay, Jamaica",2,https://discobiscuits.net/shows/2007-12-14-caribbean-holidaze-runaway-bay-jamaica,https://discobiscuits.net/songs/where-the-streets-have-no-name,https://archive.org/download/db2007-12-14.ccm4v.flac16/db2007-12-14d1t05.mp3
D'yer Mak'er,cover,Led Zeppelin,2007-12-15,Allen,Caribbean Holidaze,"Runaway Bay, Jamaica",1,https://discobiscuits.net/shows/2007-12-15-caribbean-holidaze-runaway-bay,https://discobiscuits.net/songs/d-yer-mak-er,https://archive.org/download/db2007-12-15.ccm4v.flac16/db2007-12-15d1t05.mp3
Alter Ego,original,The Disco Biscuits,2007-12-28,Allen,Hammerstein Ballroom,"New York, NY",3,https://discobiscuits.net/shows/2007-12-28-hammerstein-ballroom-new-york-ny,https://discobiscuits.net/songs/alter-ego,https://archive.org/download/db2007-12-28.ka500.flac16/db2007-12-28.ka500.d1t06.mp3
Astronomy Domine,cover,Pink Floyd,2007-12-29,Allen,Hammerstein Ballroom,"New York, NY",5,https://discobiscuits.net/shows/2007-12-29-hammerstein-ballroom-new-york-ny,https://discobiscuits.net/songs/astronomy-domine,https://archive.org/download/db2007-12-29.ka200.flac16/db2007-12-29.ka200.d1t07.mp3
Wizards in Winter,cover,Trans-Siberian Orchestra,2007-12-29,Allen,Hammerstein Ballroom,"New York, NY",9,https://discobiscuits.net/shows/2007-12-29-hammerstein-ballroom-new-york-ny,https://discobiscuits.net/songs/wizards-in-winter,https://archive.org/download/db2007-12-29.ka200.flac16/db2007-12-29.ka200.d3t03.mp3
Wanna Be Startin' Somethin',cover,Michael Jackson,2007-12-31,Allen,Tweeter Center at the Waterfront,"Camden, NJ",1,https://discobiscuits.net/shows/2007-12-31-tweeter-center-at-the-waterfront-camden-nj,https://discobiscuits.net/songs/wanna-be-startin-somethin,https://archive.org/download/db2007-12-31.mk41-rm.flac16/db2007-12-31-mk41-rm-d1t08.mp3
Caves of the East,original,Marc Brownstein,2008-02-29,Allen,Starland Ballroom,"Sayreville, NJ",60,https://discobiscuits.net/shows/2008-02-29-starland-ballroom-sayreville-nj,https://discobiscuits.net/songs/caves-of-the-east,
Costume Contest Jam,improvisation,,2008-02-29,Allen,Starland Ballroom,"Sayreville, NJ",1,https://discobiscuits.net/shows/2008-02-29-starland-ballroom-sayreville-nj,https://discobiscuits.net/songs/costume-contest-jam,
Pi Jam,improvisation,The Disco Biscuits,2008-03-01,Allen,Starland Ballroom,"Sayreville, NJ",2,https://discobiscuits.net/shows/2008-03-01-starland-ballroom-sayreville-nj,https://discobiscuits.net/songs/pi-jam,https://archive.org/download/db2008-03-01.akg483.flac16/db2008-03-01akg483d2t06.mp3
Another Brick in the Wall,cover,Pink Floyd,2008-03-18,Allen,The Max,"Amsterdam, Netherlands",1,https://discobiscuits.net/shows/2008-03-18-the-max-amsterdam,https://discobiscuits.net/songs/another-brick-in-the-wall,https://archive.org/download/tDB2008-03-18.ccm41.RM.flac16/tDB2008-03-18.ccm41.RM.t10.flac16.mp3
Baby You're a Rich Man,cover,The Beatles,2008-03-18,Allen,The Max,"Amsterdam, Netherlands",1,https://discobiscuits.net/shows/2008-03-18-the-max-amsterdam,https://discobiscuits.net/songs/baby-you-re-a-rich-man,https://archive.org/download/tDB2008-03-18.ccm41.RM.flac16/tDB2008-03-18.ccm41.RM.t09.flac16.mp3
The City,original,Marc Brownstein,2008-03-19,Allen,The Max,"Amsterdam, Netherlands",43,https://discobiscuits.net/shows/2008-03-19-the-max-amsterdam-holland,https://discobiscuits.net/songs/the-city,
Vacation,original,Marc Brownstein,2008-03-19,Allen,The Max,"Amsterdam, Netherlands",4,https://discobiscuits.net/shows/2008-03-19-the-max-amsterdam-holland,https://discobiscuits.net/songs/vacation,
Denmark Massive,original,The Join; Marc Brownstein; Aron Magner; Jamie Shields; Darren Shearer,2008-04-17,Allen,Neighborhood Theater,"Charlotte, NC",3,https://discobiscuits.net/shows/2008-04-17-neighborhood-theater-charlotte-nc,https://discobiscuits.net/songs/denmark-massive,https://archive.org/download/db2008-04-17.akg391-rm.flac16/db2008-04-17.rm.d3t05.mp3
Killing in the Name,cover,Rage Against The Machine,2008-06-05,Allen,Lafayette Square,"Buffalo, NY",11,https://discobiscuits.net/shows/2008-06-05-lafayette-square-buffalo-ny,https://discobiscuits.net/songs/killing-in-the-name,
Goodbye Stranger,cover,Supertramp,2008-06-06,Allen,Webster Theater,"Hartford, CT",2,https://discobiscuits.net/shows/2008-06-06-webster-theater-hartford-ct,https://discobiscuits.net/songs/goodbye-stranger,https://archive.org/download/db2008-06-06.mk4.flac16/db2008-06-06.mk4.d3t02.mp3
Meditation,original,Jon Gutwillig,2008-07-18,Allen,Indian Lookout Country Club,"Mariaville, NY",16,https://discobiscuits.net/shows/2008-07-18-indian-lookout-country-club-mariaville-ny,https://discobiscuits.net/songs/meditation,https://archive.org/download/db2008-07-18.mk21.rm.flac16/db2008-07-18.t10.mk21.rm.flac16.mp3
Chilled Briefly,original,Marc Brownstein,2008-07-19,Allen,Indian Lookout Country Club,"Mariaville, NY",1,https://discobiscuits.net/shows/2008-07-19-indian-lookout-country-club-mariaville-ny,https://discobiscuits.net/songs/chilled-briefly,https://archive.org/download/db2008-07-19.schoeps.flac16/db2008-07-19.schoeps.d2t02.mp3
Killing Eleven,original,Jon Gutwillig,2008-07-19,Allen,Indian Lookout Country Club,"Mariaville, NY",3,https://discobiscuits.net/shows/2008-07-19-indian-lookout-country-club-mariaville-ny,https://discobiscuits.net/songs/killing-eleven,
Phantom Pt. II,cover,Justice,2008-07-19,Allen,Indian Lookout Country Club,"Mariaville, NY",1,https://discobiscuits.net/shows/2008-07-19-indian-lookout-country-club-mariaville-ny,https://discobiscuits.net/songs/phantom-pt-ii,https://archive.org/download/db2008-07-19.schoeps.flac16/db2008-07-19.schoeps.d4t04.mp3
Flip-Flop,original,The Disco Biscuits,2008-10-25,Allen,State Theater,"Falls Church, VA",1,https://discobiscuits.net/shows/2008-10-25-state-theater-falls-church-va,https://discobiscuits.net/songs/flip-flop,
Tamarin Alley,original,Marc Brownstein,2008-10-25,Allen,State Theater,"Falls Church, VA",28,https://discobiscuits.net/shows/2008-10-25-state-theater-falls-church-va,https://discobiscuits.net/songs/tamarin-alley,
High Speed Racer,original,Aron Magner; Jon Gutwillig,2008-12-11,Allen,Caribbean Holidaze,"Runaway Bay, Jamaica",13,https://discobiscuits.net/shows/2008-12-11-caribbean-holidaze-runaway-bay-jamaica,https://discobiscuits.net/songs/high-speed-racer,https://archive.org/download/tdb2008-12-11.ccm4lg.flac16/tdb2008-12-11.ccm4lg.d1t06.mp3
Uber Glue,original,The Disco Biscuits,2008-12-11,Allen,Caribbean Holidaze,"Runaway Bay, Jamaica",51,https://discobiscuits.net/shows/2008-12-11-caribbean-holidaze-runaway-bay-jamaica,https://discobiscuits.net/songs/uber-glue,https://archive.org/download/tdb2008-12-11.ccm4lg.flac16/tdb2008-12-11.ccm4lg.d1t05.mp3
M80,original,Jon Gutwillig,2008-12-12,Allen,Caribbean Holidaze,"Runaway Bay, Jamaica",21,https://discobiscuits.net/shows/2008-12-12-caribbean-holidaze-runaway-bay-jamaica,https://discobiscuits.net/songs/m80,https://archive.org/download/tDB2008-12-12.mk4.RM.flac16/tDB2008-12-12.mk4.t08.flac16.mp3
Rivers,original,Marc Brownstein,2008-12-26,Allen,Nokia Theater,"New York, NY",56,https://discobiscuits.net/shows/2008-12-26-nokia-theater-new-york-ny,https://discobiscuits.net/songs/rivers,
Rock Your Dance,cover,Tuphace,2008-12-27,Allen,Nokia Theater,"New York, NY",1,https://discobiscuits.net/shows/2008-12-27-nokia-theater-new-york-ny,https://discobiscuits.net/songs/rock-your-dance,
Standing on the Verge of Getting It On,cover,Funkadelic,2008-12-27,Allen,Nokia Theater,"New York, NY",2,https://discobiscuits.net/shows/2008-12-27-nokia-theater-new-york-ny,https://discobiscuits.net/songs/standing-on-the-verge-of-getting-it-on,https://archive.org/download/db2008-12-27.mk41.nbox.722.16bit/db2008-12-27.mk41.16bit.s2t02.mp3
Low,cover,Flo Rida,2009-02-14,Allen,Ogden Theater,"Denver, CO",1,https://discobiscuits.net/shows/2009-02-14-ogden-theater-denver-co,https://discobiscuits.net/songs/low,https://archive.org/download/db2009-02-14.dpa4021.flac16/db2009-02-14d3t08.mp3
Mirrors,original,Marc Brownstein,2009-03-05,Allen,NorVa Theater,"Norfolk, VA",56,https://discobiscuits.net/shows/2009-03-05-norva-theater-norfolk-va,https://discobiscuits.net/songs/mirrors,https://archive.org/download/db2009-03-05.mk41.nbox.722.16bit/db2009-03-05.mk41.16bit.s2t02.mp3
Park Ave,original,Aron Magner,2009-05-30,Allen,Red Rocks Amphitheater,"Morrison, CO",34,https://discobiscuits.net/shows/2009-05-30-red-rocks-amphitheater-morrison-co,https://discobiscuits.net/songs/park-ave,
White Chicks & Gang Signs,cover,Billy Reid,2009-05-30,Allen,Red Rocks Amphitheater,"Morrison, CO",1,https://discobiscuits.net/shows/2009-05-30-red-rocks-amphitheater-morrison-co,https://discobiscuits.net/songs/white-chicks-gang-signs,https://archive.org/download/tDB2009-05-30..mk4.RM.flac16/tdb2009-05-30.t.21.mk4.RM.flac16.mp3
Harder Better Faster Stronger,cover,Daft Punk,2009-06-26,Allen,House of Blues,"Atlantic City, NJ",1,https://discobiscuits.net/shows/2009-06-26-house-of-blues-atlantic-city-nj,https://discobiscuits.net/songs/harder-better-faster-stronger,https://archive.org/download/db2009-06-26.mk41.nbox.722.16bit/db2009-06-26.mk41.16bit.s1t08.mp3
You and I,original,Alex Chig; Harry Zelnick; Jon Gutwillig,2009-06-28,Allen,Church of Universal Love and Music,"Acme, PA",26,https://discobiscuits.net/shows/2009-06-28-church-of-universal-love-and-music-acme-pa,https://discobiscuits.net/songs/you-and-i,https://archive.org/download/db2009-06-28.dpa4021.flac16/db2009-06-28d3t02.mp3
Konkrete,original,Jon Gutwillig,2009-07-17,Allen,Indian Lookout Country Club,"Mariaville, NY",21,https://discobiscuits.net/shows/2009-07-17-indian-lookout-country-club-mariaville-ny,https://discobiscuits.net/songs/konkrete,
Pimp Blue Rikki,original,Jon Gutwillig,2009-09-11,Allen,Hippodrome Theatre,"Baltimore, MD",54,https://discobiscuits.net/shows/2009-09-11-hippodrome-theatre-baltimore-md,https://discobiscuits.net/songs/pimp-blue-rikki,
¿Donde?,original,Aron Magner,2009-09-12,Allen,Starland Ballroom,"Sayreville, NJ",24,https://discobiscuits.net/shows/2009-09-12-starland-ballroom-sayreville-nj,https://discobiscuits.net/songs/iquest-donde,
Dwaddle,original,Allen Aucoin,2009-09-17,Allen,George's Majestic,"Fayetteville, AR",3,https://discobiscuits.net/shows/2009-09-17-george-s-majestic-fayetteville-ar,https://discobiscuits.net/songs/dwaddle,
Flash Mob,original,Aron Magner,2009-09-26,Allen,Tennessee Theater,"Knoxville, TN",21,https://discobiscuits.net/shows/2009-09-26-tennessee-theater-knoxville-tn,https://discobiscuits.net/songs/flash-mob,https://archive.org/download/db2009-09-26/db2009-09-26d1t03.mp3
Loose Change,original,Jon Gutwillig,2009-10-09,Allen,The Calvin,"Northampton, MA",20,https://discobiscuits.net/shows/2009-10-09-the-calvin-northampton-ma,https://discobiscuits.net/songs/loose-change,
No Sleep till Brooklyn,cover,Beastie Boys,2009-10-10,Allen,The Calvin,"Northampton, MA",2,https://discobiscuits.net/shows/2009-10-10-the-calvin-northampton-ma,https://discobiscuits.net/songs/no-sleep-till-brooklyn,https://archive.org/download/tDB2009-10-10.mk41.RM.flac16/tDB2009-10-10.t17.mk41.RM.flac16.mp3
On Time,original,The Disco Biscuits,2009-10-10,Allen,The Calvin,"Northampton, MA",53,https://discobiscuits.net/shows/2009-10-10-the-calvin-northampton-ma,https://discobiscuits.net/songs/on-time,https://archive.org/download/tDB2009-10-10.mk41.RM.flac16/tDB2009-10-10.t04.mk41.RM.flac16.mp3
I Am One,cover,Smashing Pumpkins,2009-10-31,Allen,Auditorium Theater,"Chicago, IL",1,https://discobiscuits.net/shows/2009-10-31-auditorium-theater-chicago-il,https://discobiscuits.net/songs/i-am-one,https://archive.org/download/db2009-10-31.akg480ck63.flac16/db2009-10-31akg483-16bitd3t07.mp3
Widgets,original,Allen Aucoin; Aron Magner,2009-11-18,Allen,4th & B,"San Diego, CA",5,https://discobiscuits.net/shows/2009-11-18-4th-b-san-diego-ca,https://discobiscuits.net/songs/widgets,
Fish Out of Water,original,Jon Gutwillig,2009-11-19,Allen,House of Blues,"West Hollywood, CA",10,https://discobiscuits.net/shows/2009-11-19-house-of-blues-west-hollywood-ca,https://discobiscuits.net/songs/fish-out-of-water,https://archive.org/download/tDB2009-11-19.akg.flac16/tDB2009-11-19.t13.akg.flac16.mp3
Naeba,original,Marc Brownstein,2009-11-21,Allen,The Fillmore,"San Francisco, CA",37,https://discobiscuits.net/shows/2009-11-21-the-fillmore-san-francisco-ca,https://discobiscuits.net/songs/naeba,https://archive.org/download/db2009-11-21.flac16/db2009-11-21d2t03.mp3
Catalyst,original,Jon Gutwillig,2009-11-22,Allen,The Catalyst,"Santa Cruz, CA",60,https://discobiscuits.net/shows/2009-11-22-the-catalyst-santa-cruz-ca,https://discobiscuits.net/songs/catalyst,https://archive.org/download/db2009-11-22.flac16/db2009-11-22d1t06.mp3
Portal to an Empty Head,original,Marc Brownstein,2009-12-26,Allen,Nokia Theater,"New York, NY",68,https://discobiscuits.net/shows/2009-12-26-nokia-theater-new-york-ny,https://discobiscuits.net/songs/portal-to-an-empty-head,
Countdown Medley,original,The Disco Biscuits,2009-12-31,Allen,Nokia Theater,"New York, NY",2,https://discobiscuits.net/shows/2009-12-31-nokia-theater-new-york-ny,https://discobiscuits.net/songs/countdown-medley,https://archive.org/download/tDB2009-12-31.mk4.RM.flac16/tDB209-12-31.t12.mk4.rm.flac16.mp3
Cars,cover,Gary Numan,2010-02-19,Allen,Lupo's Heartbreak Hotel,"Providence, RI",5,https://discobiscuits.net/shows/2010-02-19-lupos-heartbreak-hotel-providence-ri,https://discobiscuits.net/songs/cars,https://archive.org/download/db2010-02-19.flac/db2010-02-19.d3t02.mp3
Feel Good Inc.,cover,Gorillaz,2010-02-20,Allen,The Calvin,"Northampton, MA",5,https://discobiscuits.net/shows/2010-02-20-the-calvin-northampton-ma,https://discobiscuits.net/songs/feel-good-inc,https://archive.org/download/tDB2010-02-20.mk41.RM.flac16/tDB2010-02-20.mk41.t16.RM.flac16.mp3
Big Wrecking Ball,original,Jon Gutwillig,2010-03-16,Allen,Theater of the Living Arts,"Philadelphia, PA",8,https://discobiscuits.net/shows/2010-03-16-theater-of-the-living-arts-philadelphia-pa,https://discobiscuits.net/songs/big-wrecking-ball,
Camouflage Soul,original,Jon Gutwillig; Marc Brownstein,2010-03-16,Allen,Theater of the Living Arts,"Philadelphia, PA",1,https://discobiscuits.net/shows/2010-03-16-theater-of-the-living-arts-philadelphia-pa,https://discobiscuits.net/songs/camouflage-soul,
Quad D,original,The Disco Biscuits,2010-03-16,Allen,Theater of the Living Arts,"Philadelphia, PA",13,https://discobiscuits.net/shows/2010-03-16-theater-of-the-living-arts-philadelphia-pa,https://discobiscuits.net/songs/quad-d,
Rain Song,original,The Disco Biscuits,2010-03-16,Allen,Theater of the Living Arts,"Philadelphia, PA",1,https://discobiscuits.net/shows/2010-03-16-theater-of-the-living-arts-philadelphia-pa,https://discobiscuits.net/songs/rain-song,
Save Your Soul,original,The Disco Biscuits,2010-03-16,Allen,Theater of the Living Arts,"Philadelphia, PA",1,https://discobiscuits.net/shows/2010-03-16-theater-of-the-living-arts-philadelphia-pa,https://discobiscuits.net/songs/save-your-soul,
The Bridge,original,Marc Brownstein,2010-05-28,Allen,Ogden Theater,"Denver, CO",21,https://discobiscuits.net/shows/2010-05-28-ogden-theater-denver-co,https://discobiscuits.net/songs/the-bridge,https://archive.org/download/db2010-05-28.dpa4027.flac16/db2010-05-28dpa4027d1t05.mp3
Bombs,original,Jon Gutwillig,2010-07-16,Allen,Indian Lookout Country Club,"Mariaville, NY",62,https://discobiscuits.net/shows/2010-07-16-indian-lookout-country-club-mariaville-ny,https://discobiscuits.net/songs/bombs,
Feeling Twisted,original,Marc Brownstein,2010-08-26,Allen,Lincoln Theater,"Raleigh, NC",35,https://discobiscuits.net/shows/2010-08-26-lincoln-theater-raleigh-nc,https://discobiscuits.net/songs/feeling-twisted,https://archive.org/download/tDB2010-08-26.flac16/tDB2010-08-26d1t02.mp3
Neck Romancer,original,Aron Magner,2010-08-29,Allen,The Tabernacle,"Atlanta, GA",34,https://discobiscuits.net/shows/2010-08-29-the-tabernacle-atlanta-ga,https://discobiscuits.net/songs/neck-romancer,https://archive.org/download/db2010-08-29.dpa4021.flac16/db2010-08-29d1t06.mp3
The Moon,cover,Hiroshige Tonomura,2010-09-01,Allen,Buster's Billiards & Backroom,"Lexington, KY",4,https://discobiscuits.net/shows/2010-09-01-busters-billiards-backroom-lexington-ky,https://discobiscuits.net/songs/the-moon,
Last Day of Everything,original,Marc Brownstein,2010-10-25,Allen,Diamond Riggs Studios,"Philadelphia, PA",3,https://discobiscuits.net/shows/2010-10-25-diamond-riggs-studios-philadelphia-pa,https://discobiscuits.net/songs/last-day-of-everything,
We Like to Party,original,Marc Brownstein,2010-10-25,Allen,Diamond Riggs Studios,"Philadelphia, PA",69,https://discobiscuits.net/shows/2010-10-25-diamond-riggs-studios-philadelphia-pa,https://discobiscuits.net/songs/we-like-to-party,
Waltz in Black,cover,The Stranglers,2010-10-28,Allen,NorVa Theater,"Norfolk, VA",1,https://discobiscuits.net/shows/2010-10-28-norva-theater-norfolk-va,https://discobiscuits.net/songs/waltz-in-black,
One of These Days,cover,Pink Floyd,2010-10-31,Allen,Jefferson Theater,"Charlottesville, VA",1,https://discobiscuits.net/shows/2010-10-31-jefferson-theater-charlottesville-va,https://discobiscuits.net/songs/one-of-these-days,https://archive.org/download/db2010-10-31.cafs.16bit/db2010-10-31t03.cafs.16bit.mp3
Disco Inferno,cover,The Trammps,2013-04-27,Allen,Red Rocks Amphitheater,"Morrison, CO",2,https://discobiscuits.net/shows/2013-04-27-red-rocks-amphitheater-morrison-co,https://discobiscuits.net/songs/disco-inferno,https://archive.org/download/db2013-04-27.mbho.flac16/db2013-04-27t13.mp3
Theme from Shaft,cover,Isaac Hayes,2013-09-27,Allen,Mann Center for the Performing Arts,"Philadelphia, PA",1,https://discobiscuits.net/shows/2013-09-27-mann-center-for-the-performing-arts-philadelphia-pa,https://discobiscuits.net/songs/theme-from-shaft,
Let's Go Crazy,cover,Prince,2014-02-21,Allen,Electric Factory,"Philadelphia, PA",4,https://discobiscuits.net/shows/2014-02-21-electric-factory-philadelphia-pa,https://discobiscuits.net/songs/let-s-go-crazy,
Electric Avenue,cover,Eddy Grant,2014-02-22,Allen,Electric Factory,"Philadelphia, PA",3,https://discobiscuits.net/shows/2014-02-22-electric-factory-philadelphia-pa,https://discobiscuits.net/songs/electric-avenue,
Viola Lee Blues,cover,Noah Lewis,2014-06-13,Allen,Irving Plaza,"New York, NY",3,https://discobiscuits.net/shows/2014-06-13-irving-plaza-new-york-ny,https://discobiscuits.net/songs/viola-lee-blues,
Eyes of the World,cover,Grateful Dead,2014-07-31,Allen,9:30 Club,"Washington, DC",2,https://discobiscuits.net/shows/2014-07-31-9-30-club-washington-dc,https://discobiscuits.net/songs/eyes-of-the-world,https://archive.org/download/db2014-07-31.mk41.flac16/db2014-07-31s2t06.mp3
I Don't Want Nobody to Give Me Nothing,cover,James Brown,2014-07-31,Allen,9:30 Club,"Washington, DC",2,https://discobiscuits.net/shows/2014-07-31-9-30-club-washington-dc,https://discobiscuits.net/songs/i-don-t-want-nobody-to-give-me-nothing,https://archive.org/download/db2014-07-31.mk41.flac16/db2014-07-31s2t05.mp3
Shakedown Street,cover,Grateful Dead,2014-07-31,Allen,9:30 Club,"Washington, DC",4,https://discobiscuits.net/shows/2014-07-31-9-30-club-washington-dc,https://discobiscuits.net/songs/shakedown-street,https://archive.org/download/db2014-07-31.mk41.flac16/db2014-07-31s2t04.mp3
Space,cover,Grateful Dead,2014-07-31,Allen,9:30 Club,"Washington, DC",2,https://discobiscuits.net/shows/2014-07-31-9-30-club-washington-dc,https://discobiscuits.net/songs/space,https://archive.org/download/db2014-07-31.mk41.flac16/db2014-07-31s2t07.mp3
West L.A. Fadeaway,cover,Grateful Dead,2014-07-31,Allen,9:30 Club,"Washington, DC",2,https://discobiscuits.net/shows/2014-07-31-9-30-club-washington-dc,https://discobiscuits.net/songs/west-l-a-fadeaway,https://archive.org/download/db2014-07-31.mk41.flac16/db2014-07-31s2t03.mp3
And We Bid You Goodnight,cover,Grateful Dead,2014-08-02,Allen,Seaside Park,"Bridgeport, CT",1,https://discobiscuits.net/shows/2014-08-02-seaside-park-bridgeport-ct,https://discobiscuits.net/songs/and-we-bid-you-goodnight,https://archive.org/download/db2014-08-02.461.bsc1.littlebox/db2014-08-02d1t10.mp3
Devil Inside,cover,INXS,2014-12-06,Allen,Dominican Holidaze - Breathless Punta Cana Resort & Spa,"Carretera Uvero Alto, Dominican Republic",1,https://discobiscuits.net/shows/2014-12-06-dominican-holidaze-breathless-punta-cana-resort-spa-carretera-uvero-alto-dominican-republic,https://discobiscuits.net/songs/devil-inside,
A Fifth of Beethoven,cover,Walter Murphy,2014-12-31,Allen,Best Buy Theater,"New York, NY",8,https://discobiscuits.net/shows/2014-12-31-best-buy-theater-new-york-ny,https://discobiscuits.net/songs/a-fifth-of-beethoven,https://archive.org/download/db2014-12-31.V0/db141231d2_05_A_Fifth_of_Beethoven.mp3
One More Saturday Night,cover,Grateful Dead,2015-02-21,Allen,Electric Factory,"Philadelphia, PA",2,https://discobiscuits.net/shows/2015-02-21-electric-factory-philadelphia-pa,https://discobiscuits.net/songs/one-more-saturday-night,
After Midnight,cover,JJ Cale,2015-04-15,Allen,Ogden Theater,"Denver, CO",6,https://discobiscuits.net/shows/2015-04-15-ogden-theater-denver-co,https://discobiscuits.net/songs/after-midnight,
Casey Jones,cover,Grateful Dead,2015-04-17,Allen,Red Rocks Amphitheater,"Morrison, CO",1,https://discobiscuits.net/shows/2015-04-17-red-rocks-amphitheater-morrison-co,https://discobiscuits.net/songs/casey-jones,https://archive.org/download/bisco2015-04-17.naiantxo.kindrec/bisco2015-04-17.s3t06.naiantxo.kindrec.mp3
Crazy Fingers,cover,Grateful Dead,2015-04-17,Allen,Red Rocks Amphitheater,"Morrison, CO",2,https://discobiscuits.net/shows/2015-04-17-red-rocks-amphitheater-morrison-co,https://discobiscuits.net/songs/crazy-fingers,https://archive.org/download/bisco2015-04-17.naiantxo.kindrec/bisco2015-04-17.s2t03.naiantxo.kindrec.mp3
Franklin's Tower,cover,Grateful Dead,2015-04-17,Allen,Red Rocks Amphitheater,"Morrison, CO",2,https://discobiscuits.net/shows/2015-04-17-red-rocks-amphitheater-morrison-co,https://discobiscuits.net/songs/franklin-s-tower,https://archive.org/download/bisco2015-04-17.naiantxo.kindrec/bisco2015-04-17.s2t08.naiantxo.kindrec.mp3
Going Down the Road Feeling Bad,cover,Grateful Dead,2015-04-17,Allen,Red Rocks Amphitheater,"Morrison, CO",1,https://discobiscuits.net/shows/2015-04-17-red-rocks-amphitheater-morrison-co,https://discobiscuits.net/songs/going-down-the-road-feeling-bad,https://archive.org/download/bisco2015-04-17.naiantxo.kindrec/bisco2015-04-17.s3t08.naiantxo.kindrec.mp3
Jack Straw,cover,Grateful Dead,2015-04-17,Allen,Red Rocks Amphitheater,"Morrison, CO",1,https://discobiscuits.net/shows/2015-04-17-red-rocks-amphitheater-morrison-co,https://discobiscuits.net/songs/jack-straw,https://archive.org/download/bisco2015-04-17.naiantxo.kindrec/bisco2015-04-17.s2t02.naiantxo.kindrec.mp3
New Speedway Boogie,cover,Grateful Dead,2015-04-17,Allen,Red Rocks Amphitheater,"Morrison, CO",1,https://discobiscuits.net/shows/2015-04-17-red-rocks-amphitheater-morrison-co,https://discobiscuits.net/songs/new-speedway-boogie,https://archive.org/download/bisco2015-04-17.naiantxo.kindrec/bisco2015-04-17.s2t04.naiantxo.kindrec.mp3
Terrapin Station,cover,Grateful Dead,2015-04-17,Allen,Red Rocks Amphitheater,"Morrison, CO",1,https://discobiscuits.net/shows/2015-04-17-red-rocks-amphitheater-morrison-co,https://discobiscuits.net/songs/terrapin-station,https://archive.org/download/bisco2015-04-17.naiantxo.kindrec/bisco2015-04-17.s2t05.naiantxo.kindrec.mp3
Wharf Rat,cover,Grateful Dead,2015-04-17,Allen,Red Rocks Amphitheater,"Morrison, CO",1,https://discobiscuits.net/shows/2015-04-17-red-rocks-amphitheater-morrison-co,https://discobiscuits.net/songs/wharf-rat,https://archive.org/download/bisco2015-04-17.naiantxo.kindrec/bisco2015-04-17.s2t07.naiantxo.kindrec.mp3
Scarlet Begonias,cover,Grateful Dead,2015-05-14,Allen,Merriweather Post Pavilion,"Columbia, MD",2,https://discobiscuits.net/shows/2015-05-14-merriweather-post-pavilion-columbia-md,https://discobiscuits.net/songs/scarlet-begonias,
She's Gone,cover,Hall & Oates,2015-07-17,Allen,Montage Mountain,"Scranton, PA",1,https://discobiscuits.net/shows/2015-07-17-montage-mountain-scranton-pa,https://discobiscuits.net/songs/she-s-gone,
Us and Them,cover,Pink Floyd,2015-07-17,Allen,Montage Mountain,"Scranton, PA",1,https://discobiscuits.net/shows/2015-07-17-montage-mountain-scranton-pa,https://discobiscuits.net/songs/us-and-them,
Home,cover,LCD Soundsystem,2015-07-18,Allen,Montage Mountain,"Scranton, PA",6,https://discobiscuits.net/shows/2015-07-18-montage-mountain-scranton-pa,https://discobiscuits.net/songs/home,
Knights of Cydonia,cover,Muse,2015-07-18,Allen,Montage Mountain,"Scranton, PA",3,https://discobiscuits.net/shows/2015-07-18-montage-mountain-scranton-pa,https://discobiscuits.net/songs/knights-of-cydonia,
Born to Be Alive,cover,Patrick Hernandez,2015-10-31,Allen,Crouse Hinds Theater at the Oncenter,"Syracuse, NY",1,https://discobiscuits.net/shows/2015-10-31-crouse-hinds-theater-at-the-oncenter-syracuse-new-york,https://discobiscuits.net/songs/born-to-be-alive,
Funky Town,cover,Lipps Inc.,2015-10-31,Allen,Crouse Hinds Theater at the Oncenter,"Syracuse, NY",2,https://discobiscuits.net/shows/2015-10-31-crouse-hinds-theater-at-the-oncenter-syracuse-new-york,https://discobiscuits.net/songs/funky-town,
Get Down on It,cover,Kool & the Gang,2015-10-31,Allen,Crouse Hinds Theater at the Oncenter,"Syracuse, NY",2,https://discobiscuits.net/shows/2015-10-31-crouse-hinds-theater-at-the-oncenter-syracuse-new-york,https://discobiscuits.net/songs/get-down-on-it,
Give It to Me Baby,cover,Rick James,2015-10-31,Allen,Crouse Hinds Theater at the Oncenter,"Syracuse, NY",3,https://discobiscuits.net/shows/2015-10-31-crouse-hinds-theater-at-the-oncenter-syracuse-new-york,https://discobiscuits.net/songs/give-it-to-me-baby,
You Should Be Dancing,cover,Bee Gees,2015-10-31,Allen,Crouse Hinds Theater at the Oncenter,"Syracuse, NY",1,https://discobiscuits.net/shows/2015-10-31-crouse-hinds-theater-at-the-oncenter-syracuse-new-york,https://discobiscuits.net/songs/you-should-be-dancing,
Tron Jam,improvisation,The Disco Biscuits,2015-12-31,Allen,Playstation Theater,"New York, NY",1,https://discobiscuits.net/shows/2015-12-31-playstation-theater-new-york-ny,https://discobiscuits.net/songs/tron-jam,
Everybody Needs Somebody to Love,cover,Solomon Burke,2016-01-02,Allen,Playstation Theater,"New York, NY",1,https://discobiscuits.net/shows/2016-01-02-playstation-theater-new-york-ny,https://discobiscuits.net/songs/everybody-needs-somebody-to-love,
Soul Man,cover,Sam & Dave,2016-01-02,Allen,Playstation Theater,"New York, NY",1,https://discobiscuits.net/shows/2016-01-02-playstation-theater-new-york-ny,https://discobiscuits.net/songs/soul-man,
Suspicious Minds,cover,Elvis Presley,2016-02-06,Allen,The Fillmore,"Philadelphia, PA",2,https://discobiscuits.net/shows/2016-02-06-the-fillmore-philadelphia-pa,https://discobiscuits.net/songs/suspicious-minds,
Touch Me,cover,The Doors,2016-02-06,Allen,The Fillmore,"Philadelphia, PA",1,https://discobiscuits.net/shows/2016-02-06-the-fillmore-philadelphia-pa,https://discobiscuits.net/songs/touch-me,
She's a Bad Mama Jama,cover,Carl Carlton,2016-03-25,Allen,The Capitol Theater,"Port Chester, NY",1,https://discobiscuits.net/shows/2016-03-25-the-capitol-theater-port-chester-ny,https://discobiscuits.net/songs/she-s-a-bad-mama-jama,https://archive.org/download/db2016-03-25.mk4v.flac16/db2016-03-25.mk4v.s2t05.mp3
Down Under,cover,Men at Work,2016-07-16,Allen,Montage Mountain,"Scranton, PA",1,https://discobiscuits.net/shows/2016-07-16-montage-mountain-scranton-pa,https://discobiscuits.net/songs/down-under,https://archive.org/download/discobiscuits2016-07-16.mk4_16bit/discobiscuits2016-07-16.mk4.psp2.zoomf8.16bit-t11.mp3
White Lines,cover,Grandmaster Flash,2016-07-16,Allen,Montage Mountain,"Scranton, PA",1,https://discobiscuits.net/shows/2016-07-16-montage-mountain-scranton-pa,https://discobiscuits.net/songs/white-lines,https://archive.org/download/discobiscuits2016-07-16.mk4_16bit/discobiscuits2016-07-16.mk4.psp2.zoomf8.16bit-t13.mp3
The Champions,original,Marc Brownstein,2016-08-19,Allen,Irving Plaza,"New York, NY",33,https://discobiscuits.net/shows/2016-08-19-irving-plaza-new-york-ny,https://discobiscuits.net/songs/the-champions,
Let's Dance,cover,David Bowie,2017-02-03,Allen,The Fillmore,"Philadelphia, PA",9,https://discobiscuits.net/shows/2017-02-03-the-fillmore-philadelphia-pa,https://discobiscuits.net/songs/let-s-dance,
Exodus,cover,Bob Marley,2017-02-04,Allen,The Fillmore,"Philadelphia, PA",3,https://discobiscuits.net/shows/2017-02-04-the-fillmore-philadelphia-pa,https://discobiscuits.net/songs/exodus,
Miracles,original,Benjy Eisen; Marc Brownstein,2017-06-01,Allen,Ogden Theater,"Denver, CO",36,https://discobiscuits.net/shows/2017-06-01-ogden-theater-denver-co,https://discobiscuits.net/songs/miracles,
Controversy,cover,Prince,2017-07-14,Allen,Montage Mountain,"Scranton, PA",2,https://discobiscuits.net/shows/2017-07-14-montage-mountain-scranton-pa,https://discobiscuits.net/songs/controversy,
I Feel Love,cover,Donna Summer,2017-07-15,Allen,Montage Mountain,"Scranton, PA",18,https://discobiscuits.net/shows/2017-07-15-montage-mountain-scranton-pa,https://discobiscuits.net/songs/i-feel-love,
Stranger Things Theme,cover,S U R V I VE,2017-10-27,Allen,The Palladium,"Worcester, MA",1,https://discobiscuits.net/shows/2017-10-27-the-palladium-worcester-ma,https://discobiscuits.net/songs/stranger-things-theme,
Tubular Bells,cover,Mike Oldfield,2017-10-28,Allen,Suwannee Music Park,"Live Oak, FL",1,https://discobiscuits.net/shows/2017-10-28-suwannee-music-park-live-oak-florida,https://discobiscuits.net/songs/tubular-bells,https://archive.org/download/db2017-10-28.mastered.flac/db2017-10-28-mastered-t03.mp3
Nowhere Jam,improvisation,The Disco Biscuits,2017-11-16,Allen,Fox Theatre,"Boulder, CO",3,https://discobiscuits.net/shows/2017-11-16-fox-theatre-boulder-co,https://discobiscuits.net/songs/nowhere-jam,
Same Ol' G,cover,Ginuwine,2017-11-18,Allen,The Fillmore Auditorium,"Denver, CO",1,https://discobiscuits.net/shows/2017-11-18-the-fillmore-auditorium-denver-co,https://discobiscuits.net/songs/same-ol-g,
The Bionic Helix,original,The Disco Biscuits,2017-11-18,Allen,The Fillmore Auditorium,"Denver, CO",8,https://discobiscuits.net/shows/2017-11-18-the-fillmore-auditorium-denver-co,https://discobiscuits.net/songs/the-bionic-helix,
Rio,cover,Duran Duran,2017-12-30,Allen,Playstation Theater,"New York, NY",3,https://discobiscuits.net/shows/2017-12-30-playstation-theater-new-york-ny,https://discobiscuits.net/songs/rio,
Korobeiniki,cover,traditional Russian folk song,2017-12-31,Allen,Playstation Theater,"New York, NY",2,https://discobiscuits.net/shows/2017-12-31-playstation-theater-new-york-ny,https://discobiscuits.net/songs/korobeiniki,
Super Mario Bros Overworld Theme,cover,Koji Kondo,2017-12-31,Allen,Playstation Theater,"New York, NY",1,https://discobiscuits.net/shows/2017-12-31-playstation-theater-new-york-ny,https://discobiscuits.net/songs/super-mario-bros-overworld-theme,
Super Mario Bros Underworld Theme,cover,Koji Kondo,2017-12-31,Allen,Playstation Theater,"New York, NY",1,https://discobiscuits.net/shows/2017-12-31-playstation-theater-new-york-ny,https://discobiscuits.net/songs/super-mario-bros-underworld-theme,
Tribulations,cover,LCD Soundsystem,2018-07-13,Allen,The Pavilion at Montage Mountain,"Scranton, PA",10,https://discobiscuits.net/shows/2018-07-13-the-pavilion-at-montage-mountain-scranton-pa,https://discobiscuits.net/songs/tribulations,
Watching the Wheels,cover,John Lennon,2018-12-13,Allen,Now Sapphire Resort,"Puerto Morelos, Mexico",1,https://discobiscuits.net/shows/2018-12-13-now-sapphire-resort-puerto-morelos,https://discobiscuits.net/songs/watching-the-wheels,
That Sample Has a Name,original,The Disco Biscuits,2019-04-26,Allen,The Fillmore,"New Orleans, LA",4,https://discobiscuits.net/shows/2019-04-26-the-fillmore-new-orleans-la,https://discobiscuits.net/songs/that-sample-has-a-name,
Rapture,cover,Blondie,2019-05-25,Allen,Red Rocks Amphitheater,"Morrison, CO",6,https://discobiscuits.net/shows/2019-05-25-red-rocks-amphitheater-morrison-co,https://discobiscuits.net/songs/rapture,
Anthem,original,Jon Gutwillig,2019-11-14,Allen,Roxian Theater,"McKees Rocks, PA",39,https://discobiscuits.net/shows/2019-11-14-roxian-theater-mckees-rocks-pa,https://discobiscuits.net/songs/anthem,https://archive.org/download/db2019-11-14.mk41v.60v-pfa.mixpre6.bean.flac2496/db2019-11-14.mk41v.60v-pfa.mixpre6.bean.2496.set2.t05_Anthem-.mp3
Hero,original,The Disco Biscuits,2019-11-14,Allen,Roxian Theater,"McKees Rocks, PA",7,https://discobiscuits.net/shows/2019-11-14-roxian-theater-mckees-rocks-pa,https://discobiscuits.net/songs/hero,https://archive.org/download/db2019-11-14.mk41v.60v-pfa.mixpre6.bean.flac2496/db2019-11-14.mk41v.60v-pfa.mixpre6.bean.2496.set1.t05_Hero-.mp3
Rocket Science,original,The Disco Biscuits,2019-11-14,Allen,Roxian Theater,"McKees Rocks, PA",10,https://discobiscuits.net/shows/2019-11-14-roxian-theater-mckees-rocks-pa,https://discobiscuits.net/songs/rocket-science,https://archive.org/download/db2019-11-14.mk41v.60v-pfa.mixpre6.bean.flac2496/db2019-11-14.mk41v.60v-pfa.mixpre6.bean.2496.set1.t09_Rocket_Science-.mp3
Stars in the Sky,original,The Disco Biscuits,2019-11-14,Allen,Roxian Theater,"McKees Rocks, PA",9,https://discobiscuits.net/shows/2019-11-14-roxian-theater-mckees-rocks-pa,https://discobiscuits.net/songs/stars-in-the-sky,https://archive.org/download/db2019-11-14.mk41v.60v-pfa.mixpre6.bean.flac2496/db2019-11-14.mk41v.60v-pfa.mixpre6.bean.2496.set2.t03_Stars_In_The_Sky.mp3
Tractorbeam Jam,improvisation,The Disco Biscuits,2019-11-14,Allen,Roxian Theater,"McKees Rocks, PA",34,https://discobiscuits.net/shows/2019-11-14-roxian-theater-mckees-rocks-pa,https://discobiscuits.net/songs/tractorbeam-jam,
Electric Slinky,original,Jon Gutwillig,2019-11-15,Allen,Roxian Theater,"McKees Rocks, PA",7,https://discobiscuits.net/shows/2019-11-15-roxian-theater-mckees-rocks-pa,https://discobiscuits.net/songs/electric-slinky,https://archive.org/download/db2019-11-15.mk41v.60v-pfa.mixpre6.bean.flac2496/db2019-11-15.mk41v.60v-pfa.mixpre6.bean.2496.set2.t02_Electric_Slinky.mp3
Freebis Slinky,original,The Disco Biscuits,2019-11-15,Allen,Roxian Theater,"McKees Rocks, PA",12,https://discobiscuits.net/shows/2019-11-15-roxian-theater-mckees-rocks-pa,https://discobiscuits.net/songs/freebis-slinky,https://archive.org/download/db2019-11-15.mk41v.60v-pfa.mixpre6.bean.flac2496/db2019-11-15.mk41v.60v-pfa.mixpre6.bean.2496.set1.t06_Freebis_Slinky.mp3
Station,original,The Disco Biscuits,2019-11-15,Allen,Roxian Theater,"McKees Rocks, PA",10,https://discobiscuits.net/shows/2019-11-15-roxian-theater-mckees-rocks-pa,https://discobiscuits.net/songs/station,https://archive.org/download/db2019-11-15.mk41v.60v-pfa.mixpre6.bean.flac2496/db2019-11-15.mk41v.60v-pfa.mixpre6.bean.2496.set2.t06_Station.mp3
Clocks,original,The Disco Biscuits,2019-11-17,Allen,The National,"Richmond, VA",11,https://discobiscuits.net/shows/2019-11-17-the-national-richmond-va,https://discobiscuits.net/songs/clocks,
4th of July,original,Jon Gutwillig,2019-11-21,Allen,Higher Ground,"South Burlington, VT",15,https://discobiscuits.net/shows/2019-11-21-higher-ground-south-burlington-vt,https://discobiscuits.net/songs/4th-of-july,
Running into the Night,original,Aron Magner; Jon Gutwillig,2019-12-27,Allen,Playstation Theater,"New York, NY",39,https://discobiscuits.net/shows/2019-12-27-playstation-theater-new-york-ny,https://discobiscuits.net/songs/running,
Jazz Improv Jam,improvisation,Miles Davis,2021-04-03,Allen,The Caverns Above Ground Amphitheater,"Pelham, TN",1,https://discobiscuits.net/shows/2021-04-03-the-caverns-above-ground-amphitheater-pelham-tn,https://discobiscuits.net/songs/jazz-improv-jam,
Dancing in the Street,cover,Martha and The Vandellas,2021-05-28,Allen,Red Rocks Amphitheater,"Morrison, CO",1,https://discobiscuits.net/shows/2021-05-28-red-rocks-amphitheater-morrison-co,https://discobiscuits.net/songs/dancing-in-the-street,
Gonna Fly Now (Theme from Rocky),cover,Bill Conti,2021-07-09,Allen,Mann Center for the Performing Arts,"Philadelphia, PA",1,https://discobiscuits.net/shows/2021-07-09-mann-center-for-the-performing-arts-philadelphia-pa,https://discobiscuits.net/songs/gonna-fly-now-theme-from-rocky,
Evolve,original,Aron Magner,2021-07-10,Allen,Mann Center for the Performing Arts,"Philadelphia, PA",27,https://discobiscuits.net/shows/2021-07-10-mann-center-for-the-performing-arts-philadelphia-pa,https://discobiscuits.net/songs/evolve,
Lake Shore Drive,original,The Disco Biscuits,2021-08-20,Allen,Northlands,"Swanzey, NH",24,https://discobiscuits.net/shows/2021-08-20-northlands-swanzey-nh,https://discobiscuits.net/songs/lake-shore-drive,https://archive.org/download/db2021-08-20/db2021_08_20_S1_04.mp3
M1,original,Aron Magner,2021-08-20,Allen,Northlands,"Swanzey, NH",34,https://discobiscuits.net/shows/2021-08-20-northlands-swanzey-nh,https://discobiscuits.net/songs/m1,https://archive.org/download/db2021-08-20/db2021_08_20_S2_03.mp3
Funk Ditty,original,The Disco Biscuits,2021-08-21,Allen,Northlands,"Swanzey, NH",2,https://discobiscuits.net/shows/2021-08-21-northlands-swanzey-nh,https://discobiscuits.net/songs/funk-ditty,https://archive.org/download/db2021-08-21.dl/db2021_08_21_S2_01.mp3
Thank You for Being a Friend (Theme from The Golden Girls),cover,Andrew Gold,2021-12-31,Allen,The Fillmore,"Philadelphia, PA",1,https://discobiscuits.net/shows/2021-12-31-the-fillmore-philadelphia-pa,https://discobiscuits.net/songs/thank-you-for-being-a-friend,https://archive.org/download/db2021-12-31.FLAC24/DB2021-12-31_S3_tr01.mp3
Friend Like Steve,original,The Disco Biscuits,2022-03-05,Allen,Sony Hall,"New York, NY",3,https://discobiscuits.net/shows/2022-03-05-sony-hall-new-york-ny,https://discobiscuits.net/songs/friend-like-steve,
Monster,original,The Disco Biscuits,2022-03-05,Allen,Sony Hall,"New York, NY",9,https://discobiscuits.net/shows/2022-03-05-sony-hall-new-york-ny,https://discobiscuits.net/songs/monster,
Vibes,original,The Disco Biscuits,2022-03-05,Allen,Sony Hall,"New York, NY",5,https://discobiscuits.net/shows/2022-03-05-sony-hall-new-york-ny,https://discobiscuits.net/songs/vibes,
Feel Like a Stranger,cover,Grateful Dead,2022-04-01,Allen,The Capitol Theater,"Port Chester, NY",1,https://discobiscuits.net/shows/2022-04-01-the-capitol-theater-port-chester-ny,https://discobiscuits.net/songs/feel-like-a-stranger,https://archive.org/download/db2022-04-01.akgc414xlii.flac16/db2022-04-01.akgc414xlii.t2-09.mp3
Freeze,original,Aron Magner; Joey Friedman; Jon Gutwillig,2022-06-04,Allen,Candler Park,"Atlanta, GA",52,https://discobiscuits.net/shows/2022-06-04-candler-park-atlanta-ga,https://discobiscuits.net/songs/freeze,
Another Plan of Attack,original,Aron Magner; Joey Friedman; Jon Gutwillig,2022-06-09,Allen,Hartford Healthcare Amphitheater,"Bridgeport, CT",50,https://discobiscuits.net/shows/2022-06-09-hartford-healthcare-amphitheater-bridgeport-ct,https://discobiscuits.net/songs/another-plan-of-attack,
Who's in Charge,original,Jon Gutwillig,2022-06-10,Allen,Pier Six Pavilion,"Baltimore, MD",50,https://discobiscuits.net/shows/2022-06-10-pier-six-pavilion-baltimore-md,https://discobiscuits.net/songs/who-s-in-charge,
Space Train,original,Aron Magner; Joey Friedman; Jon Gutwillig,2022-06-11,Allen,Thompson's Point,"Portland, ME",32,https://discobiscuits.net/shows/2022-06-11-thompson-s-point-portland-me,https://discobiscuits.net/songs/space-train,
Brain Damage,cover,Pink Floyd,2022-06-12,Allen,Lake Champlain Exposition,"Essex Junction, VT",1,https://discobiscuits.net/shows/2022-06-12-lake-champlain-exposition-essex-junction-vt,https://discobiscuits.net/songs/brain-damage,https://archive.org/download/db2022-06-12.AKG414XLII/10.%20Brain%20Damage%20%3E.mp3
Eclipse,cover,Pink Floyd,2022-06-12,Allen,Lake Champlain Exposition,"Essex Junction, VT",1,https://discobiscuits.net/shows/2022-06-12-lake-champlain-exposition-essex-junction-vt,https://discobiscuits.net/songs/eclipse,https://archive.org/download/db2022-06-12.AKG414XLII/11.%20Eclipse.mp3
Tourists (Rocket Ship),original,Aron Magner; Joey Friedman; Jon Gutwillig,2022-06-12,Allen,Lake Champlain Exposition,"Essex Junction, VT",46,https://discobiscuits.net/shows/2022-06-12-lake-champlain-exposition-essex-junction-vt,https://discobiscuits.net/songs/tourists-rocket-ship,https://archive.org/download/db2022-06-12.AKG414XLII/03.%20Tourists%28Rocket%20Ship%29%20%3E.mp3
Twisted in the Road,original,Aron Magner; Joey Friedman; Jon Gutwillig,2022-06-18,Allen,Mann Center for the Performing Arts,"Philadelphia, PA",60,https://discobiscuits.net/shows/2022-06-18-mann-center-for-the-performing-arts-philadelphia-pa,https://discobiscuits.net/songs/twisted-in-the-road,https://archive.org/download/db2022-06-18.SPC4/DB2022-06-18_SPC4_S2_03.mp3
One Chance to Save the World,original,Aron Magner; Joey Friedman; Jon Gutwillig,2022-06-19,Allen,Mann Center for the Performing Arts,"Philadelphia, PA",36,https://discobiscuits.net/shows/2022-06-19-mann-center-for-the-performing-arts-philadelphia-pa,https://discobiscuits.net/songs/a-chance-to-save-the-world,
The Wormhole,original,Joey Friedman; The Disco Biscuits,2022-08-14,Allen,Blackthorne Resort,"East Durham, NY",51,https://discobiscuits.net/shows/2022-08-14-blackthorne-resort-east-durham-ny,https://discobiscuits.net/songs/wormhole,
Times Square,original,Joey Friedman; The Disco Biscuits,2022-08-19,Allen,Saint Louis Music Park,"Maryland Heights, MO",29,https://discobiscuits.net/shows/2022-08-19-saint-louis-music-park-maryland-heights-mo,https://discobiscuits.net/songs/times-square,https://archive.org/download/db2022-08-19.nak.flac16/db2022-08-19d2t02.mp3
Shocked,original,Aron Magner; Joey Friedman; Jon Gutwillig,2022-08-26,Allen,The Intersection,"Grand Rapids, MI",36,https://discobiscuits.net/shows/2022-08-26-the-intersection-grand-rapids-mi,https://discobiscuits.net/songs/shocked,
Why We Dance,original,Aron Magner; Joey Friedman; Jon Gutwillig,2022-10-30,Allen,Jefferson Theater,"Charlottesville, VA",29,https://discobiscuits.net/shows/2022-10-30-jefferson-theater-charlottesville-va,https://discobiscuits.net/songs/why-we-dance,
To Be Continued,original,Joey Friedman; The Disco Biscuits,2022-11-12,Allen,House of Blues,"Boston, MA",57,https://discobiscuits.net/shows/2022-11-12-house-of-blues-boston-ma,https://discobiscuits.net/songs/to-be-continued,
The Deal,original,Aron Magner; Joey Friedman; Jon Gutwillig,2022-12-30,Allen,The Riviera Theater,"Chicago, IL",50,https://discobiscuits.net/shows/2022-12-30-the-riviera-theater-chicago-il,https://discobiscuits.net/songs/the-deal,
Sirius,cover,The Alan Parsons Project,2022-12-31,Allen,The Riviera Theater,"Chicago, IL",1,https://discobiscuits.net/shows/2022-12-31-the-riviera-theater-chicago-il,https://discobiscuits.net/songs/sirius,
Spaga's Last Stand,original,Aron Magner; Joey Friedman; Jon Gutwillig,2022-12-31,Allen,The Riviera Theater,"Chicago, IL",17,https://discobiscuits.net/shows/2022-12-31-the-riviera-theater-chicago-il,https://discobiscuits.net/songs/spaga-s-last-stand,
The Fifth Element Jam,improvisation,The Disco Biscuits,2023-03-11,Allen,The Caverns,"Pelham, TN",1,https://discobiscuits.net/shows/2023-03-11-the-caverns-pelham-tn,https://discobiscuits.net/songs/5th-element-jam,https://archive.org/download/db2023-03-11.akg214/db20230311_08_The_Fifth_Element.mp3
You Spin Me Round (Like a Record),cover,Dead or Alive,2023-03-31,Allen,Mission Ballroom,"Denver, CO",8,https://discobiscuits.net/shows/2023-03-31-mission-ballroom-denver-co,https://discobiscuits.net/songs/you-spin-me-round-like-a-record,
Falling,original,Alex Mazer; Aron Magner; Jon Gutwillig; Nicholas Schmidle,2023-05-21,Allen,Harpa Concert Hall,"Reykjavik, Iceland",27,https://discobiscuits.net/shows/2023-05-21-harpa-concert-hall-reykjavik,https://discobiscuits.net/songs/falling,
Buy the Time,original,Aron Magner; Joey Friedman; Jon Gutwillig; Marc Brownstein,2023-06-08,Allen,Lincoln Theater,"Raleigh, NC",28,https://discobiscuits.net/shows/2023-06-08-lincoln-theater-raleigh-nc,https://discobiscuits.net/songs/buy-the-time,
Photograph,original,Joey Friedman; The Disco Biscuits,2023-06-17,Allen,Mulcahy's,"Wantagh, NY",40,https://discobiscuits.net/shows/2023-06-17-mulcahy-s-wantagh-ny,https://discobiscuits.net/songs/photograph,
Dino Baby,original,Joey Friedman; The Disco Biscuits,2023-12-28,Allen,The Palladium Times Square,"New York City, NY",43,https://discobiscuits.net/shows/2023-12-28-the-palladium-times-square-new-york-city-ny,https://discobiscuits.net/songs/dino-baby,
Eye of the Tiger,cover,Survivor,2023-12-30,Allen,Franklin Music Hall,"Philadelphia, PA",2,https://discobiscuits.net/shows/2023-12-30-franklin-music-hall-philadelphia-pa,https://discobiscuits.net/songs/eye-of-the-tiger,https://archive.org/download/db2023-12-30/DB2023_12_30_set1_02.mp3
Ring the Doorbell Twice,original,Joey Friedman; The Disco Biscuits,2023-12-30,Allen,Franklin Music Hall,"Philadelphia, PA",43,https://discobiscuits.net/shows/2023-12-30-franklin-music-hall-philadelphia-pa,https://discobiscuits.net/songs/ring-the-doorbell-twice,https://archive.org/download/db2023-12-30/DB2023_12_30_set2_06.mp3
Fire Will Exchange,original,Joey Friedman; The Disco Biscuits,2023-12-31,Allen,Franklin Music Hall,"Philadelphia, PA",37,https://discobiscuits.net/shows/2023-12-31-franklin-music-hall-philadelphia-pa,https://discobiscuits.net/songs/fire-will-exchange,https://archive.org/download/db2023-12-31/DB2023_12_31_set3_02.mp3
No Recollection,original,Joey Friedman; The Disco Biscuits,2024-01-26,Allen,Crystal Bay Club Casino,"Crystal Bay, NV",34,https://discobiscuits.net/shows/2024-01-26-crystal-bay-club-casino-crystal-bay-nv,https://discobiscuits.net/songs/no-recollection,
Hide and Seek,cover,Imogen Heap,2024-02-11,Allen,Fox Theatre,"Boulder, CO",9,https://discobiscuits.net/shows/2024-02-11-fox-theatre-boulder-co,https://discobiscuits.net/songs/hide-and-seek,
BOOM,cover,Tiësto; Sevenn,2024-03-15,Allen,State Theater,"Portland, ME",11,https://discobiscuits.net/shows/2024-03-15-state-theater-portland-me,https://discobiscuits.net/songs/boom,
In the End We Have Forever,original,Joey Friedman; The Disco Biscuits,2024-06-20,Allen,Electric Forest,"Rothbury, MI",24,https://discobiscuits.net/shows/2024-06-20-electric-forest-rothbury-mi,https://discobiscuits.net/songs/in-the-end-we-have-forever,
Escape,cover,Kx5,2024-07-04,Allen,Wonderland Forest,"LaFayette, NY",2,https://discobiscuits.net/shows/2024-07-04-wonderland-forest-lafayette-ny,https://discobiscuits.net/songs/escape,https://archive.org/download/db2024-07-04/DB2024_07_04_aud_matrix11.mp3
Firework,cover,Katy Perry,2024-07-04,Allen,Wonderland Forest,"LaFayette, NY",1,https://discobiscuits.net/shows/2024-07-04-wonderland-forest-lafayette-ny,https://discobiscuits.net/songs/firework,https://archive.org/download/db2024-07-04/DB2024_07_04_aud_matrix12.mp3
Lake Shore Drive x Meditation to the Groove,mashup,The Disco Biscuits; Kaskade,2024-07-04,Allen,Wonderland Forest,"LaFayette, NY",3,https://discobiscuits.net/shows/2024-07-04-wonderland-forest-lafayette-ny,https://discobiscuits.net/songs/lake-shore-drive-x-meditation-to-the-groove,
Language,cover,Porter Robinson,2024-07-04,Allen,Wonderland Forest,"LaFayette, NY",1,https://discobiscuits.net/shows/2024-07-04-wonderland-forest-lafayette-ny,https://discobiscuits.net/songs/language,https://archive.org/download/db2024-07-04/DB2024_07_04_aud_matrix01.mp3
Leavemealone,cover,Fred again..; Baby Keem,2024-07-04,Allen,Wonderland Forest,"LaFayette, NY",12,https://discobiscuits.net/shows/2024-07-04-wonderland-forest-lafayette-ny,https://discobiscuits.net/songs/leavemealone,https://archive.org/download/db2024-07-04/DB2024_07_04_aud_matrix07.mp3
Losing It,cover,Fisher,2024-07-04,Allen,Wonderland Forest,"LaFayette, NY",6,https://discobiscuits.net/shows/2024-07-04-wonderland-forest-lafayette-ny,https://discobiscuits.net/songs/losing-it,https://archive.org/download/db2024-07-04/DB2024_07_04_aud_matrix03.mp3
Sandstorm,cover,Darude,2024-07-04,Allen,Wonderland Forest,"LaFayette, NY",2,https://discobiscuits.net/shows/2024-07-04-wonderland-forest-lafayette-ny,https://discobiscuits.net/songs/sandstorm,https://archive.org/download/db2024-07-04/DB2024_07_04_aud_matrix05.mp3
Another Spin,original,Joey Friedman; Jon Gutwillig,2024-07-05,Allen,Wonderland Forest,"LaFayette, NY",16,https://discobiscuits.net/shows/2024-07-05-wonderland-forest-lafayette-ny,https://discobiscuits.net/songs/another-spin,https://archive.org/download/db2024-07-05.mk4v.mk22.mk41v.flac24/db2024-07-05s2t02.mp3
Better in Doses,original,Joey Friedman; The Disco Biscuits,2024-07-06,Allen,Wonderland Forest,"LaFayette, NY",23,https://discobiscuits.net/shows/2024-07-06-wonderland-forest-lafayette-ny,https://discobiscuits.net/songs/better-in-doses,https://archive.org/download/db2024-07-06.mk41v.flac24/db2024-07-06s1t04.mp3
Trap Door,original,Joey Friedman; The Disco Biscuits,2024-07-06,Allen,Wonderland Forest,"LaFayette, NY",26,https://discobiscuits.net/shows/2024-07-06-wonderland-forest-lafayette-ny,https://discobiscuits.net/songs/trap-door,https://archive.org/download/db2024-07-06.mk41v.flac24/db2024-07-06s2t03.mp3
Country Royale,original,Joey Friedman; The Disco Biscuits,2024-08-29,Allen,Thalia Hall,"Chicago, IL",33,https://discobiscuits.net/shows/2024-08-29-thalia-hall-chicago-il,https://discobiscuits.net/songs/country-royale,https://archive.org/download/db2024-08-29/db2024_08_29_Set1_RM05.mp3
Risky Business,original,Joey Friedman; The Disco Biscuits,2024-09-07,Allen,Mishawaka Amphitheater,"Bellvue, CO",26,https://discobiscuits.net/shows/2024-09-07-mishawaka-amphitheater-bellvue-co,https://discobiscuits.net/songs/risky-business,https://archive.org/download/db2024-09-07.munda.4vPSP2.flac24/db2024-09-07s02t04.mp3
Falling 303,original,The Disco Biscuits,2024-09-13,Allen,Pine Creek Lodge,"Livingston, MT",13,https://discobiscuits.net/shows/2024-09-13-pine-creek-lodge-livingston-mt,https://discobiscuits.net/songs/falling-303,
girl$ x Times Square,mashup,Dom Dolla; Joey Friedman; The Disco Biscuits,2024-09-13,Allen,Pine Creek Lodge,"Livingston, MT",6,https://discobiscuits.net/shows/2024-09-13-pine-creek-lodge-livingston-mt,https://discobiscuits.net/songs/girl-x-times-square,
Konkrete x Floodlights,mashup,Jon Gutwillig; Marc Brownstein,2024-09-13,Allen,Pine Creek Lodge,"Livingston, MT",4,https://discobiscuits.net/shows/2024-09-13-pine-creek-lodge-livingston-mt,https://discobiscuits.net/songs/konkrete-x-floodlights,
Tourists (Rocket Ship) x On Time,mashup,Aron Magner; Joey Friedman; Jon Gutwillig; The Disco Biscuits,2024-09-13,Allen,Pine Creek Lodge,"Livingston, MT",5,https://discobiscuits.net/shows/2024-09-13-pine-creek-lodge-livingston-mt,https://discobiscuits.net/songs/tourists-rocket-ship-x-on-time,
2001: A Space Odyssey Jam,improvisation,The Disco Biscuits,2024-10-31,Allen,The Caverns,"Pelham, TN",1,https://discobiscuits.net/shows/2024-10-31-the-caverns-pelham-tn,https://discobiscuits.net/songs/2001-a-space-odyssey-jam,
Also Sprach Zarathustra,cover,Richard Strauss,2024-10-31,Allen,The Caverns,"Pelham, TN",12,https://discobiscuits.net/shows/2024-10-31-the-caverns-pelham-tn,https://discobiscuits.net/songs/also-sprach-zarathustra,
The Blue Danube,cover,Johann Strauss II,2024-10-31,Allen,The Caverns,"Pelham, TN",1,https://discobiscuits.net/shows/2024-10-31-the-caverns-pelham-tn,https://discobiscuits.net/songs/the-blue-danube,
Game of Thrones Theme,cover,Ramin Djawadi,2024-12-31,Allen,The Fillmore,"Philadelphia, PA",1,https://discobiscuits.net/shows/2024-12-31-the-fillmore-philadelphia-pa,https://discobiscuits.net/songs/game-of-thrones-theme-2,https://archive.org/download/db2024-12-31.mk4v.5012.flac24/db2024-12-31s2t06.mp3
Philly Fire and Ice,original,Joey Friedman; The Disco Biscuits,2024-12-31,Allen,The Fillmore,"Philadelphia, PA",1,https://discobiscuits.net/shows/2024-12-31-the-fillmore-philadelphia-pa,https://discobiscuits.net/songs/philly-fire-and-ice-2,https://archive.org/download/db2024-12-31.mk4v.5012.flac24/db2024-12-31s2t07.mp3
Under Ur Spell,original,Joey Friedman; The Disco Biscuits,2025-01-18,Allen,Revolution Hall,"Portland, OR",13,https://discobiscuits.net/shows/2025-01-18-revolution-hall-portland-or,https://discobiscuits.net/songs/under-ur-spell,
Postcard,original,Joey Friedman; The Disco Biscuits,2025-01-23,Allen,The Catalyst,"Santa Cruz, CA",12,https://discobiscuits.net/shows/2025-01-23-the-catalyst-santa-cruz-ca,https://discobiscuits.net/songs/postcard,
Damager,cover,Sammy Virji; Interplanetary Criminal,2025-02-07,Allen,Boulder Theater,"Boulder, CO",1,https://discobiscuits.net/shows/2025-02-07-boulder-theater-boulder-co,https://discobiscuits.net/songs/damager,
Mission Impossible Theme,cover,Lalo Schifrin,2025-02-07,Allen,Boulder Theater,"Boulder, CO",1,https://discobiscuits.net/shows/2025-02-07-boulder-theater-boulder-co,https://discobiscuits.net/songs/mission-impossible-theme,
Scars of the Brave,original,Joey Friedman; The Disco Biscuits,2025-03-14,Allen,Starland Ballroom,"Sayreville, NJ",21,https://discobiscuits.net/shows/2025-03-14-starland-ballroom-sayreville-nj,https://discobiscuits.net/songs/scars-of-the-brave,
Tantalize,original,Marc Brownstein,2025-06-06,Allen,French Broad River Brewery,"Asheville, NC",4,https://discobiscuits.net/shows/2025-06-06-french-broad-river-brewery-asheville-nc,https://discobiscuits.net/songs/tantalize,
Bombs x Lockdown,mashup,Jon Gutwillig; Nostalgix; Scruffizer,2025-06-12,Allen,Bonnaroo Music Festival,"Manchester, TN",4,https://discobiscuits.net/shows/2025-06-12-bonnaroo-music-festival-manchester-tn,https://discobiscuits.net/songs/bombs-x-lockdown,
Dino Baby x B.O.T.A.,mashup,Joey Friedman; The Disco Biscuits; Eliza Rose; Interplanetary Criminal,2025-06-12,Allen,Bonnaroo Music Festival,"Manchester, TN",3,https://discobiscuits.net/shows/2025-06-12-bonnaroo-music-festival-manchester-tn,https://discobiscuits.net/songs/dino-baby-x-b-o-t-a,
On and On,cover,Sub Focus; bbyclose,2025-06-12,Allen,Bonnaroo Music Festival,"Manchester, TN",8,https://discobiscuits.net/shows/2025-06-12-bonnaroo-music-festival-manchester-tn,https://discobiscuits.net/songs/on-and-on,
Camp Home Again Jam,improvisation,The Disco Biscuits,2025-06-19,Allen,Bearsville Theatre,"Woodstock, NY",1,https://discobiscuits.net/shows/2025-06-19-bearsville-theatre-woodstock-ny,https://discobiscuits.net/songs/camp-home-again-jam,
The Great Abyss x D.M.T,mashup,The Disco Biscuits; Shpongle,2025-06-21,Allen,Electric Forest,"Rothbury, MI",7,https://discobiscuits.net/shows/2025-06-21-electric-forest-rothbury-mi,https://discobiscuits.net/songs/the-great-abyss-x-lsd,
Tricycle x Like a Prayer,mashup,The Disco Biscuits; Madonna,2025-06-21,Allen,Electric Forest,"Rothbury, MI",9,https://discobiscuits.net/shows/2025-06-21-electric-forest-rothbury-mi,https://discobiscuits.net/songs/tricycle-x-like-a-prayer-2,
Dream Journal,original,,2025-08-23,Allen,Ardmore Music Hall,"Ardmore, PA",9,https://discobiscuits.net/shows/2025-08-23-ardmore-music-hall-ardmore-pa,https://discobiscuits.net/songs/dream-journal,https://archive.org/download/db2025-08-23.Munda.41v.EAAPSP2.Flac24/db2025-08-23s01t04.mp3
Simulations,original,,2025-09-07,Allen,Mishawaka Amphitheater,"Bellvue, CO",11,https://discobiscuits.net/shows/2025-09-07-mishawaka-amphitheater-bellvue-co,https://discobiscuits.net/songs/simulations,https://archive.org/download/db2025-09-07.dpa4015er/flac%2024/db2025-09-07dpa4015er-05.mp3
Better Off Alone,cover,Alice Deejay,2025-11-01,Marlon,Suwannee Music Park,"Live Oak, FL",5,https://discobiscuits.net/shows/2025-11-01-suwannee-music-park-live-oak-fl,https://discobiscuits.net/songs/better-off-alone,
Can’t Decide,cover,Max Dean; Luke Dean; Locky,2025-11-01,Marlon,Suwannee Music Park,"Live Oak, FL",11,https://discobiscuits.net/shows/2025-11-01-suwannee-music-park-live-oak-fl,https://discobiscuits.net/songs/cant-decide,
Dancing Queen,cover,ABBA,2025-11-01,Marlon,Suwannee Music Park,"Live Oak, FL",1,https://discobiscuits.net/shows/2025-11-01-suwannee-music-park-live-oak-fl,https://discobiscuits.net/songs/dancing-queen,
La Noche,cover,Chris Lake; Skrillex; Anita B. Queen,2025-11-01,Marlon,Suwannee Music Park,"Live Oak, FL",5,https://discobiscuits.net/shows/2025-11-01-suwannee-music-park-live-oak-fl,https://discobiscuits.net/songs/la-noche,
Smalltown,cover,Herman Cattaneo & Audio Junkies remix of the original by Monkey Safari,2025-11-01,Marlon,Suwannee Music Park,"Live Oak, FL",1,https://discobiscuits.net/shows/2025-11-01-suwannee-music-park-live-oak-fl,https://discobiscuits.net/songs/smalltown,
Falling 303 x On Time,mashup,The Disco Biscuits,2025-11-20,Marlon,Higher Ground,"South Burlington, VT",1,https://discobiscuits.net/shows/2025-11-20-higher-ground-south-burlington-vt,https://discobiscuits.net/songs/falling-303-x-on-time,https://archive.org/download/db2025-11-20.mk41v.cmc1k.psp2.r4.flac2496/db2025-11-20s2t04.mp3
Cheers Theme,cover,Gary Portnoy,2025-12-30,Marlon,Royale,"Boston, MA",1,https://discobiscuits.net/shows/2025-12-30-royale-boston-ma,https://discobiscuits.net/songs/cheers-theme,https://archive.org/download/db2025-12-30.ck93.flac24/10%20Cheers%20Theme.mp3
Hymn,cover,Charlotte de Witte,2025-12-31,Marlon,Roadrunner,"Boston, MA",8,https://discobiscuits.net/shows/2025-12-31-roadrunner-boston-ma,https://discobiscuits.net/songs/hymn,https://archive.org/download/db2025-12-31.ck93.flac24/14%20Hymn%20%20Countdown.mp3
Show Me Love,cover,Robin S.,2025-12-31,Marlon,Roadrunner,"Boston, MA",5,https://discobiscuits.net/shows/2025-12-31-roadrunner-boston-ma,https://discobiscuits.net/songs/show-me-love,https://archive.org/download/db2025-12-31.ck93.flac24/09%20Show%20Me%20Love.mp3
The Bells,cover,Jeff Mills,2025-12-31,Marlon,Roadrunner,"Boston, MA",2,https://discobiscuits.net/shows/2025-12-31-roadrunner-boston-ma,https://discobiscuits.net/songs/the-bells,https://archive.org/download/db2025-12-31.ck93.flac24/16%20The%20Bells.mp3
One Day,cover,Matisyahu,2026-02-06,Marlon,Miami Beach Bandshell,"Miami Beach, FL",1,https://discobiscuits.net/shows/2026-02-06-miami-beach-bandshell-miami-beach-fl,https://discobiscuits.net/songs/one-day,
I Saw Ya Dancing,original,Tractorbeam,2026-03-20,Marlon,Okeechobee Music & Arts Festival,"Okeechobee, FL",7,https://discobiscuits.net/shows/2026-03-20-okeechobee-music-arts-festival-okeechobee-fl,https://discobiscuits.net/songs/i-saw-ya-dancing,
In This Bih’,cover,Chris Lorenzo,2026-03-20,Marlon,Okeechobee Music & Arts Festival,"Okeechobee, FL",5,https://discobiscuits.net/shows/2026-03-20-okeechobee-music-arts-festival-okeechobee-fl,https://discobiscuits.net/songs/in-this-bih,
Neck,cover,Mau P,2026-04-12,Marlon,Gather Outdoors,"Stratton, VT",2,https://discobiscuits.net/shows/2026-04-12-gather-outdoors-stratton-vt,https://discobiscuits.net/songs/neck,
Ring the Doorbell Twice x Day ‘N’ Nite,mashup,Joey Friedman; The Disco Biscuits; Kid Cudi,2026-04-17,Marlon,1015 Folsom,"San Francisco, CA",1,https://discobiscuits.net/shows/2026-04-17-1015-folsom-san-francisco-ca,https://discobiscuits.net/songs/ring-the-doorbell-twice-x-day-n-nite,
Mishawaka Improv Jam,improvisation,The Disco Biscuits,2026-05-24,Marlon,Mishawaka Amphitheater,"Bellvue, CO",1,https://discobiscuits.net/shows/2026-05-24-mishawaka-amphitheater-bellvue-co,https://discobiscuits.net/songs/mishawaka-improv-jam,
Everywhere,cover,Fleetwood Mac,2026-06-21,Marlon,Northlands,"Swanzey, NH",1,https://discobiscuits.net/shows/2026-06-21-northlands-swanzey-nh,https://discobiscuits.net/songs/everywhere,
Actin’ Tough x Neck Romancer,mashup,Dean Turnley; Aron Magner,2026-07-09,Marlon,Live At Madrid’s,"Portland, ME",1,https://discobiscuits.net/shows/2026-07-09-live-at-madrids-portland-me,https://discobiscuits.net/songs/actin-tough-x-neck-romancer,
Caves of the East x Something About Us,mashup,Marc Brownstein; Daft Punk,2026-07-09,Marlon,Live At Madrid’s,"Portland, ME",2,https://discobiscuits.net/shows/2026-07-09-live-at-madrids-portland-me,https://discobiscuits.net/songs/caves-of-the-east-x-something-about-us,
More You Know,cover,Raf Rundell,2026-07-09,Marlon,Live At Madrid’s,"Portland, ME",3,https://discobiscuits.net/shows/2026-07-09-live-at-madrids-portland-me,https://discobiscuits.net/songs/more-you-know,
Positive,cover,Jamback,2026-07-09,Marlon,Live At Madrid’s,"Portland, ME",2,https://discobiscuits.net/shows/2026-07-09-live-at-madrids-portland-me,https://discobiscuits.net/songs/positive,
Weight Off x Little Puffy Clouds,mashup,Kaytranada; The Orb,2026-07-09,Marlon,Live At Madrid’s,"Portland, ME",1,https://discobiscuits.net/shows/2026-07-09-live-at-madrids-portland-me,https://discobiscuits.net/songs/weight-off-x-little-puffy-clouds,
Actin’ Tough,cover,Dean Turnley,2026-08-09,Marlon,Elements Music & Arts Festival,"Long Pond, PA",1,https://discobiscuits.net/shows/2026-08-09-elements-music-arts-festival-long-pond-pa,https://discobiscuits.net/songs/actin-tough,
